season,match_date,home_team,away_team,target_result,predicted_result,away_win_probability,draw_probability,home_win_probability,prediction_correct,actual_result_label,predicted_result_label
21-22,2021-08-21,Liverpool,Burnley,H,H,0.23852505711148972,0.11175942519665559,0.6497155176918546,True,Home Win,Home Win
21-22,2021-08-21,Aston Villa,Newcastle,H,H,0.2828121937169314,0.17275075772716916,0.5444370485558995,True,Home Win,Home Win
21-22,2021-08-21,Crystal Palace,Brentford,D,D,0.4129303173662998,0.4972322965760102,0.08983738605769005,True,Draw,Draw
21-22,2021-08-21,Leeds,Everton,D,D,0.37643164442718613,0.5214368050269093,0.10213155054590471,True,Draw,Draw
21-22,2021-08-21,Man City,Norwich,H,H,0.3134126054650563,0.1854282036245217,0.5011591909104219,True,Home Win,Home Win
21-22,2021-08-21,Brighton,Watford,H,A,0.40173056339063523,0.23797953675667613,0.36028989985268867,False,Home Win,Away Win
21-22,2021-08-22,Wolves,Tottenham,A,A,0.45628031142396086,0.37852117936581675,0.16519850921022236,True,Away Win,Away Win
21-22,2021-08-22,Arsenal,Chelsea,A,A,0.4650343576360414,0.4609641256489795,0.07400151671497923,True,Away Win,Away Win
21-22,2021-08-22,Southampton,Man United,D,A,0.4798865067649359,0.45045680444517006,0.06965668878989412,False,Draw,Away Win
21-22,2021-08-23,West Ham,Leicester,H,H,0.2938532997266961,0.2245419059157637,0.4816047943575401,True,Home Win,Home Win
21-22,2021-08-28,West Ham,Crystal Palace,D,H,0.12208146862214096,0.11391603561751944,0.7640024957603397,False,Draw,Home Win
21-22,2021-08-28,Brighton,Everton,A,H,0.34338420327005403,0.2387302024302685,0.41788559429967753,False,Away Win,Home Win
21-22,2021-08-28,Man City,Arsenal,H,H,0.17955041421772658,0.13258597415199194,0.6878636116302815,True,Home Win,Home Win
21-22,2021-08-28,Norwich,Leicester,A,A,0.4191618990597342,0.3582118217795264,0.22262627916073943,True,Away Win,Away Win
21-22,2021-08-28,Aston Villa,Brentford,D,A,0.371787290377745,0.30543731758521214,0.32277539203704275,False,Draw,Away Win
21-22,2021-08-28,Liverpool,Chelsea,D,A,0.3880752995842222,0.2712321359528569,0.3406925644629208,False,Draw,Away Win
21-22,2021-08-28,Newcastle,Southampton,D,A,0.3783361107982065,0.29574615241742436,0.3259177367843691,False,Draw,Away Win
21-22,2021-08-29,Burnley,Leeds,D,H,0.352726177178519,0.2198396489014847,0.42743417391999633,False,Draw,Home Win
21-22,2021-08-29,Tottenham,Watford,H,H,0.3045266304404199,0.21597779264429884,0.4794955769152812,True,Home Win,Home Win
21-22,2021-08-29,Wolves,Man United,A,A,0.5559689595619285,0.31732623382866815,0.12670480660940328,True,Away Win,Away Win
21-22,2021-09-11,Arsenal,Norwich,H,H,0.3420180742250414,0.25036353718031834,0.4076183885946403,True,Home Win,Home Win
21-22,2021-09-11,Crystal Palace,Tottenham,H,A,0.4718062401802269,0.30624154043750007,0.22195221938227302,False,Home Win,Away Win
21-22,2021-09-11,Watford,Wolves,A,H,0.3209915416139127,0.29480618817001886,0.3842022702160684,False,Away Win,Home Win
21-22,2021-09-11,Leicester,Man City,A,A,0.5113542533719235,0.3183783295049396,0.17026741712313684,True,Away Win,Away Win
21-22,2021-09-11,Brentford,Brighton,A,H,0.3531655781447694,0.26410720598107984,0.3827272158741509,False,Away Win,Home Win
21-22,2021-09-11,Man United,Newcastle,H,H,0.1644891361976257,0.1612784176096188,0.6742324461927555,True,Home Win,Home Win
21-22,2021-09-11,Chelsea,Aston Villa,H,H,0.2661229592511011,0.23068317963708046,0.5031938611118184,True,Home Win,Home Win
21-22,2021-09-11,Southampton,West Ham,D,A,0.5119449515194303,0.26281897395386644,0.22523607452670327,False,Draw,Away Win
21-22,2021-09-12,Leeds,Liverpool,A,A,0.4978653840535577,0.3097095228211878,0.1924250931252546,True,Away Win,Away Win
21-22,2021-09-13,Everton,Burnley,H,H,0.18542285424846355,0.20000349698931444,0.6145736487622221,True,Home Win,Home Win
21-22,2021-09-17,Newcastle,Leeds,D,H,0.33346973772007127,0.23795427791203008,0.4285759843678988,False,Draw,Home Win
21-22,2021-09-18,Burnley,Arsenal,A,H,0.3111593329626754,0.2439666339265624,0.4448740331107622,False,Away Win,Home Win
21-22,2021-09-18,Liverpool,Crystal Palace,H,H,0.17496532913892332,0.21926725711047307,0.6057674137506037,True,Home Win,Home Win
21-22,2021-09-18,Norwich,Watford,A,A,0.4716719931929158,0.27100801737421004,0.2573199894328742,True,Away Win,Away Win
21-22,2021-09-18,Man City,Southampton,D,H,0.13313950792981089,0.189931695384959,0.6769287966852302,False,Draw,Home Win
21-22,2021-09-18,Aston Villa,Everton,H,A,0.4875539985781616,0.2523161601992327,0.2601298412226057,False,Home Win,Away Win
21-22,2021-09-18,Wolves,Brentford,A,A,0.4171522779145946,0.29271311808836376,0.29013460399704155,True,Away Win,Away Win
21-22,2021-09-19,Brighton,Leicester,H,H,0.2343260843879339,0.24443928578008695,0.5212346298319791,True,Home Win,Home Win
21-22,2021-09-19,West Ham,Man United,A,H,0.3437937418724008,0.2515096175653152,0.40469664056228394,False,Away Win,Home Win
21-22,2021-09-19,Tottenham,Chelsea,A,A,0.44959505151453466,0.2908878696517253,0.2595170788337401,True,Away Win,Away Win
21-22,2021-09-25,Leicester,Burnley,D,H,0.27228354627976836,0.2755341039627666,0.452182349757465,False,Draw,Home Win
21-22,2021-09-25,Everton,Norwich,H,H,0.09800827435802532,0.1919686018802604,0.7100231237617143,True,Home Win,Home Win
21-22,2021-09-25,Chelsea,Man City,A,H,0.23558085620593913,0.26241885802272436,0.5020002857713366,False,Away Win,Home Win
21-22,2021-09-25,Man United,Aston Villa,A,H,0.13922490434707524,0.2142986225508095,0.6464764731021153,False,Away Win,Home Win
21-22,2021-09-25,Brentford,Liverpool,D,A,0.459859420486792,0.25427690151357374,0.28586367799963425,False,Draw,Away Win
21-22,2021-09-25,Watford,Newcastle,D,H,0.24429810842481772,0.2419026015290641,0.5137992900461181,False,Draw,Home Win
21-22,2021-09-25,Leeds,West Ham,A,A,0.529869194404797,0.2281423873603181,0.24198841823488487,True,Away Win,Away Win
21-22,2021-09-26,Arsenal,Tottenham,H,A,0.37743989119176896,0.26153279395673595,0.3610273148514952,False,Home Win,Away Win
21-22,2021-09-26,Southampton,Wolves,A,H,0.33619247480853964,0.28899689878547247,0.37481062640598783,False,Away Win,Home Win
21-22,2021-09-27,Crystal Palace,Brighton,D,A,0.42517641020041047,0.24465255971900987,0.3301710300805797,False,Draw,Away Win
21-22,2021-10-02,Leeds,Watford,H,H,0.3656281926575038,0.26769164948917096,0.36668015785332514,True,Home Win,Home Win
21-22,2021-10-02,Brighton,Arsenal,D,H,0.21018779005537463,0.23510086744529404,0.5547113424993313,False,Draw,Home Win
21-22,2021-10-02,Wolves,Newcastle,H,H,0.28569087538634164,0.26569674720628805,0.44861237740737026,True,Home Win,Home Win
21-22,2021-10-02,Man United,Everton,D,H,0.263733025692376,0.24451350114526973,0.4917534731623542,False,Draw,Home Win
21-22,2021-10-02,Chelsea,Southampton,H,H,0.17901540030534147,0.26599848630855105,0.5549861133861076,True,Home Win,Home Win
21-22,2021-10-02,Burnley,Norwich,D,H,0.273997110943681,0.2537122579560969,0.4722906311002221,False,Draw,Home Win
21-22,2021-10-03,Tottenham,Aston Villa,H,A,0.46492959812551715,0.25446664725461476,0.28060375461986814,False,Home Win,Away Win
21-22,2021-10-03,Liverpool,Man City,D,H,0.31533576126295776,0.25704293636116143,0.4276213023758809,False,Draw,Home Win
21-22,2021-10-03,West Ham,Brentford,A,H,0.2597506383856044,0.2634285756428466,0.4768207859715489,False,Away Win,Home Win
21-22,2021-10-03,Crystal Palace,Leicester,D,H,0.2662110786556853,0.2509603196269391,0.48282860171737574,False,Draw,Home Win
21-22,2021-10-16,Aston Villa,Wolves,A,H,0.321583438460587,0.26434061932834274,0.4140759422110702,False,Away Win,Home Win
21-22,2021-10-16,Watford,Liverpool,A,A,0.5037271650259841,0.23677951432921315,0.2594933206448027,True,Away Win,Away Win
21-22,2021-10-16,Norwich,Brighton,D,A,0.48939539625326145,0.2529342231004892,0.2576703806462495,False,Draw,Away Win
21-22,2021-10-16,Man City,Burnley,H,H,0.15133448926092374,0.2456012403781434,0.6030642703609328,True,Home Win,Home Win
21-22,2021-10-16,Leicester,Man United,H,A,0.4047586288312221,0.25062668950022354,0.3446146816685544,False,Home Win,Away Win
21-22,2021-10-16,Brentford,Chelsea,A,A,0.3745436999479828,0.2601802283497357,0.36527607170228144,True,Away Win,Away Win
21-22,2021-10-16,Southampton,Leeds,H,A,0.3722525700965703,0.2673983420990996,0.36034908780433017,False,Home Win,Away Win
21-22,2021-10-17,Everton,West Ham,A,H,0.2194763051443781,0.2571720863038671,0.5233516085517548,False,Away Win,Home Win
21-22,2021-10-17,Newcastle,Tottenham,A,H,0.30625410536381625,0.23968199800143625,0.4540638966347475,False,Away Win,Home Win
21-22,2021-10-18,Arsenal,Crystal Palace,D,H,0.29622152342095576,0.2645108725131715,0.43926760406587284,False,Draw,Home Win
21-22,2021-10-22,Arsenal,Aston Villa,H,H,0.20829634622690485,0.2484046250882195,0.5432990286848757,True,Home Win,Home Win
21-22,2021-10-23,Brighton,Man City,A,H,0.33927449200838955,0.2739359008414896,0.38678960715012095,False,Away Win,Home Win
21-22,2021-10-23,Leeds,Wolves,D,A,0.4728355432957206,0.23676985528821687,0.2903946014160625,False,Draw,Away Win
21-22,2021-10-23,Crystal Palace,Newcastle,D,H,0.2384653629754633,0.24648290382145283,0.515051733203084,False,Draw,Home Win
21-22,2021-10-23,Everton,Watford,A,H,0.22416536908110765,0.2465199118160564,0.5293147191028359,False,Away Win,Home Win
21-22,2021-10-23,Chelsea,Norwich,H,H,0.11405095535378222,0.2364099947658071,0.6495390498804107,True,Home Win,Home Win
21-22,2021-10-23,Southampton,Burnley,D,H,0.3135332269634675,0.2843679494065854,0.40209882362994703,False,Draw,Home Win
21-22,2021-10-24,Brentford,Leicester,A,H,0.29958177416848786,0.2532813172755836,0.4471369085559284,False,Away Win,Home Win
21-22,2021-10-24,Man United,Liverpool,A,A,0.47171207988492697,0.23210898492545917,0.29617893518961375,True,Away Win,Away Win
21-22,2021-10-24,West Ham,Tottenham,H,H,0.2316439290211161,0.22999135079381441,0.5383647201850695,True,Home Win,Home Win
21-22,2021-10-30,Watford,Southampton,A,H,0.2636810667201133,0.26203228360215397,0.47428664967773265,False,Away Win,Home Win
21-22,2021-10-30,Man City,Crystal Palace,A,H,0.15843105565940568,0.23254564041988224,0.609023303920712,False,Away Win,Home Win
21-22,2021-10-30,Newcastle,Chelsea,A,A,0.5984189071043741,0.21418611472959326,0.18739497816603268,True,Away Win,Away Win
21-22,2021-10-30,Leicester,Arsenal,A,H,0.31149357659935745,0.24323661466724572,0.44526980873339694,False,Away Win,Home Win
21-22,2021-10-30,Burnley,Brentford,H,A,0.4370094174537724,0.24973872789635013,0.3132518546498776,False,Home Win,Away Win
21-22,2021-10-30,Liverpool,Brighton,D,H,0.08343787930249318,0.17704287767409246,0.7395192430234143,False,Draw,Home Win
21-22,2021-10-30,Tottenham,Man United,A,H,0.25857658110122894,0.23980889237534656,0.5016145265234245,False,Away Win,Home Win
21-22,2021-10-31,Norwich,Leeds,A,A,0.523902126450644,0.2569298474854701,0.21916802606388594,True,Away Win,Away Win
21-22,2021-10-31,Aston Villa,West Ham,A,H,0.31873203614464385,0.25198569212690264,0.4292822717284535,False,Away Win,Home Win
21-22,2021-11-01,Wolves,Everton,H,H,0.19249918938062038,0.2419830487568962,0.5655177618624834,True,Home Win,Home Win
21-22,2021-11-05,Southampton,Aston Villa,H,H,0.24470719251394493,0.24669725056350297,0.5085955569225521,True,Home Win,Home Win
21-22,2021-11-06,Brighton,Newcastle,D,H,0.3234331867635072,0.26624428201065364,0.4103225312258392,False,Draw,Home Win
21-22,2021-11-06,Crystal Palace,Wolves,H,H,0.3332891685197593,0.23493782410799266,0.431773007372248,True,Home Win,Home Win
21-22,2021-11-06,Man United,Man City,A,A,0.4765133099754415,0.23811520133665381,0.28537148868790474,True,Away Win,Away Win
21-22,2021-11-06,Brentford,Norwich,A,H,0.21954794597740038,0.24244646953386514,0.5380055844887345,False,Away Win,Home Win
21-22,2021-11-06,Chelsea,Burnley,D,H,0.11543406853010177,0.20289970487139708,0.6816662265985011,False,Draw,Home Win
21-22,2021-11-07,Everton,Tottenham,D,H,0.31839144891079874,0.24175343229327687,0.4398551187959244,False,Draw,Home Win
21-22,2021-11-07,Leeds,Leicester,D,H,0.3420634145925406,0.24510270967964531,0.4128338757278142,False,Draw,Home Win
21-22,2021-11-07,West Ham,Liverpool,H,H,0.34381715787859213,0.2489362850877545,0.4072465570336535,True,Home Win,Home Win
21-22,2021-11-07,Arsenal,Watford,H,H,0.14237547384415336,0.21838097209181676,0.63924355406403,True,Home Win,Home Win
21-22,2021-11-20,Wolves,West Ham,H,H,0.32355870534979275,0.24462074153035365,0.43182055311985357,True,Home Win,Home Win
21-22,2021-11-20,Norwich,Southampton,H,A,0.4549718911642026,0.24980978702512677,0.2952183218106707,False,Home Win,Away Win
21-22,2021-11-20,Watford,Man United,H,H,0.332200443168615,0.2420305657439829,0.42576899108740207,True,Home Win,Home Win
21-22,2021-11-20,Aston Villa,Brighton,H,A,0.45190854777957457,0.2543616172136258,0.29372983500679967,False,Home Win,Away Win
21-22,2021-11-20,Liverpool,Arsenal,H,H,0.2039104133620669,0.2214379925847192,0.574651594053214,True,Home Win,Home Win
21-22,2021-11-20,Burnley,Crystal Palace,D,A,0.39244084015604236,0.25504221803623495,0.35251694180772275,False,Draw,Away Win
21-22,2021-11-20,Leicester,Chelsea,A,A,0.48628087882603804,0.23673250689344966,0.2769866142805124,True,Away Win,Away Win
21-22,2021-11-20,Newcastle,Brentford,D,A,0.37740880867043236,0.2596229090725834,0.3629682822569843,False,Draw,Away Win
21-22,2021-11-21,Tottenham,Leeds,H,H,0.352429239708617,0.2718179002126984,0.3757528600786845,True,Home Win,Home Win
21-22,2021-11-21,Man City,Everton,H,H,0.1471953615677009,0.23365500572087505,0.619149632711424,True,Home Win,Home Win
21-22,2021-11-27,Norwich,Wolves,D,A,0.39885270324820604,0.2497184812240514,0.3514288155277426,False,Draw,Away Win
21-22,2021-11-27,Crystal Palace,Aston Villa,A,H,0.16228102151310314,0.22240929001161874,0.6153096884752781,False,Away Win,Home Win
21-22,2021-11-27,Brighton,Leeds,D,A,0.4197807477337396,0.26609486048589215,0.31412439178036833,False,Draw,Away Win
21-22,2021-11-27,Arsenal,Newcastle,H,H,0.20129316085228846,0.24112690662507022,0.5575799325226414,True,Home Win,Home Win
21-22,2021-11-27,Liverpool,Southampton,H,H,0.11607396993422052,0.18819338222188653,0.6957326478438929,True,Home Win,Home Win
21-22,2021-11-28,Leicester,Watford,H,H,0.31326400228060186,0.2441522723633996,0.44258372535599866,True,Home Win,Home Win
21-22,2021-11-28,Chelsea,Man United,D,H,0.047336265863698206,0.12909779779725422,0.8235659363390476,False,Draw,Home Win
21-22,2021-11-28,Brentford,Everton,H,H,0.315422150725274,0.2553100889873601,0.42926776028736585,True,Home Win,Home Win
21-22,2021-11-28,Man City,West Ham,H,H,0.2078493463776933,0.23166038726036,0.5604902663619467,True,Home Win,Home Win
21-22,2021-11-30,Leeds,Crystal Palace,H,A,0.38634566081723565,0.2573926111641514,0.35626172801861306,False,Home Win,Away Win
21-22,2021-11-30,Newcastle,Norwich,D,H,0.32621976874551917,0.23318148151134271,0.4405987497431382,False,Draw,Home Win
21-22,2021-12-01,Everton,Liverpool,A,A,0.7124936158835531,0.17428784414446774,0.11321853997197909,True,Away Win,Away Win
21-22,2021-12-01,Watford,Chelsea,A,A,0.48631454281180925,0.23754342747662643,0.2761420297115643,True,Away Win,Away Win
21-22,2021-12-01,Aston Villa,Man City,A,A,0.4789125969920129,0.23683550916553633,0.2842518938424508,True,Away Win,Away Win
21-22,2021-12-01,West Ham,Brighton,D,H,0.17382088498252965,0.23965304601197715,0.5865260690054932,False,Draw,Home Win
21-22,2021-12-01,Wolves,Burnley,D,H,0.32229955889440975,0.2587604080360843,0.4189400330695059,False,Draw,Home Win
21-22,2021-12-01,Southampton,Leicester,D,H,0.32076096556187617,0.2500028231075597,0.42923621133056405,False,Draw,Home Win
21-22,2021-12-02,Man United,Arsenal,H,A,0.48783907278126404,0.23048574146899958,0.28167518574973627,False,Home Win,Away Win
21-22,2021-12-02,Tottenham,Brentford,H,H,0.29866064032545,0.25823473078902015,0.44310462888552976,True,Home Win,Home Win
21-22,2021-12-04,Newcastle,Burnley,H,A,0.4694376922989483,0.24314858815380233,0.2874137195472494,False,Home Win,Away Win
21-22,2021-12-04,Wolves,Liverpool,A,A,0.5093482811475614,0.2393496159956526,0.251302102856786,True,Away Win,Away Win
21-22,2021-12-04,West Ham,Chelsea,H,A,0.3780312289893974,0.2511608980811178,0.3708078729294847,False,Home Win,Away Win
21-22,2021-12-04,Watford,Man City,A,A,0.46243722574641516,0.23248239822801575,0.30508037602556914,True,Away Win,Away Win
21-22,2021-12-04,Southampton,Brighton,D,H,0.3178394348518546,0.28138538839561555,0.4007751767525298,False,Draw,Home Win
21-22,2021-12-05,Leeds,Brentford,D,H,0.242127497784184,0.2539097390011954,0.5039627632146205,False,Draw,Home Win
21-22,2021-12-05,Aston Villa,Leicester,H,H,0.3012790474647214,0.24914842387459163,0.44957252866068703,True,Home Win,Home Win
21-22,2021-12-05,Tottenham,Norwich,H,H,0.3532028820996733,0.26877173664684784,0.3780253812534788,True,Home Win,Home Win
21-22,2021-12-05,Man United,Crystal Palace,H,H,0.3383281008819423,0.25839019520353884,0.40328170391451873,True,Home Win,Home Win
21-22,2021-12-06,Everton,Arsenal,H,A,0.5204464020626266,0.22957134110065988,0.24998225683671366,False,Home Win,Away Win
21-22,2021-12-10,Brentford,Watford,H,H,0.30956080445522904,0.2495594172677299,0.440879778277041,True,Home Win,Home Win
21-22,2021-12-11,Chelsea,Leeds,H,H,0.2442034987477729,0.2613514458822085,0.49444505537001865,True,Home Win,Home Win
21-22,2021-12-11,Liverpool,Aston Villa,H,H,0.13046062677692988,0.20476412862029914,0.664775244602771,True,Home Win,Home Win
21-22,2021-12-11,Norwich,Man United,A,H,0.27108984738165987,0.2484591370332718,0.48045101558506836,False,Away Win,Home Win
21-22,2021-12-11,Man City,Wolves,H,H,0.10301672149864537,0.2309699554662702,0.6660133230350844,True,Home Win,Home Win
21-22,2021-12-11,Arsenal,Southampton,H,H,0.2923625105642046,0.2541665705378217,0.45347091889797364,True,Home Win,Home Win
21-22,2021-12-12,Crystal Palace,Everton,H,H,0.2653405078253184,0.2528801540728698,0.48177933810181195,True,Home Win,Home Win
21-22,2021-12-12,Leicester,Newcastle,H,H,0.32457190046067647,0.25439481376991013,0.42103328576941335,True,Home Win,Home Win
21-22,2021-12-12,Burnley,West Ham,D,H,0.3079246999308758,0.24760389285765544,0.44447140721146877,False,Draw,Home Win
21-22,2021-12-14,Man City,Leeds,H,H,0.1236302003813185,0.22461314974516008,0.6517566498735214,True,Home Win,Home Win
21-22,2021-12-14,Norwich,Aston Villa,A,A,0.43005494957150325,0.25712574082599976,0.312819309602497,True,Away Win,Away Win
21-22,2021-12-15,Crystal Palace,Southampton,D,H,0.233057548761828,0.23927406631443704,0.5276683849237349,False,Draw,Home Win
21-22,2021-12-15,Arsenal,West Ham,H,H,0.30073757619577457,0.2657172630111198,0.4335451607931057,True,Home Win,Home Win
21-22,2021-12-15,Brighton,Wolves,A,A,0.3714664295312808,0.29641726874423424,0.3321163017244849,True,Away Win,Away Win
21-22,2021-12-16,Liverpool,Newcastle,H,H,0.06285733800041153,0.16049808988015504,0.7766445721194334,True,Home Win,Home Win
21-22,2021-12-16,Chelsea,Everton,D,H,0.1185356480107839,0.1980388726579537,0.6834254793312624,False,Draw,Home Win
21-22,2021-12-18,Leeds,Arsenal,A,A,0.513729452007856,0.2391039200884046,0.24716662790373936,True,Away Win,Away Win
21-22,2021-12-19,Wolves,Chelsea,D,A,0.4162410844499257,0.25267436250456987,0.3310845530455044,False,Draw,Away Win
21-22,2021-12-19,Tottenham,Liverpool,D,A,0.4133958290299049,0.2450620535168842,0.3415421174532108,False,Draw,Away Win
21-22,2021-12-19,Newcastle,Man City,A,A,0.6629247120702566,0.1879289216550036,0.14914636627473976,True,Away Win,Away Win
21-22,2021-12-26,Tottenham,Crystal Palace,H,H,0.180502690033266,0.25115400133124294,0.568343308635491,True,Home Win,Home Win
21-22,2021-12-26,Brighton,Brentford,H,A,0.43858293986905783,0.24488272843160852,0.31653433169933365,False,Home Win,Away Win
21-22,2021-12-26,West Ham,Southampton,A,H,0.261115314228644,0.24544510625055477,0.49343957952080114,False,Away Win,Home Win
21-22,2021-12-26,Norwich,Arsenal,A,A,0.6017156788469762,0.2162713494567059,0.18201297169631794,True,Away Win,Away Win
21-22,2021-12-26,Man City,Leicester,H,H,0.08703733187917907,0.1702185191447966,0.7427441489760245,True,Home Win,Home Win
21-22,2021-12-26,Aston Villa,Chelsea,A,H,0.2746627811086787,0.25104867233424827,0.4742885465570731,False,Away Win,Home Win
21-22,2021-12-27,Newcastle,Man United,D,A,0.4783085497077217,0.23559505536800576,0.2860963949242726,False,Draw,Away Win
21-22,2021-12-28,Leicester,Liverpool,H,H,0.3302251099734657,0.2257556054029635,0.4440192846235707,True,Home Win,Home Win
21-22,2021-12-28,Crystal Palace,Norwich,H,H,0.22259518164284353,0.24767285329641098,0.5297319650607455,True,Home Win,Home Win
21-22,2021-12-28,Watford,West Ham,A,H,0.3376643751900917,0.24815007939421263,0.41418554541569574,False,Away Win,Home Win
21-22,2021-12-28,Southampton,Tottenham,D,A,0.48387521424249963,0.23211396648387392,0.28401081927362654,False,Draw,Away Win
21-22,2021-12-29,Chelsea,Brighton,D,H,0.26561089395347914,0.2757109051091031,0.4586782009374178,False,Draw,Home Win
21-22,2021-12-29,Brentford,Man City,A,A,0.6472776137143875,0.18951846216668916,0.1632039241189233,True,Away Win,Away Win
21-22,2021-12-30,Man United,Burnley,H,H,0.21478491499863356,0.2777854385497068,0.5074296464516597,True,Home Win,Home Win
21-22,2022-01-01,Watford,Tottenham,A,A,0.6426498643470586,0.19755769315683075,0.15979244249611055,True,Away Win,Away Win
21-22,2022-01-01,Crystal Palace,West Ham,A,H,0.3037181138226048,0.2466572498233782,0.449624636354017,False,Away Win,Home Win
21-22,2022-01-01,Arsenal,Man City,A,H,0.3073709207641561,0.22550194702192344,0.4671271322139205,False,Away Win,Home Win
21-22,2022-01-02,Leeds,Burnley,H,A,0.4086577552980054,0.2690250534312162,0.3223171912707783,False,Home Win,Away Win
21-22,2022-01-02,Brentford,Aston Villa,H,A,0.3965694778175618,0.260304147465702,0.3431263747167362,False,Home Win,Away Win
21-22,2022-01-02,Chelsea,Liverpool,D,H,0.28208997579065465,0.25553874719913916,0.46237127701020625,False,Draw,Home Win
21-22,2022-01-02,Everton,Brighton,A,A,0.4279616191789238,0.2698994023112888,0.3021389785097873,True,Away Win,Away Win
21-22,2022-01-03,Man United,Wolves,A,H,0.16380214928999945,0.27341386835361225,0.5627839823563884,False,Away Win,Home Win
21-22,2022-01-11,Southampton,Brentford,H,H,0.31930253381902035,0.25373612581078603,0.4269613403701936,True,Home Win,Home Win
21-22,2022-01-12,West Ham,Norwich,H,H,0.11342472575338063,0.19886078067386767,0.6877144935727516,True,Home Win,Home Win
21-22,2022-01-14,Brighton,Crystal Palace,D,H,0.29157108490063177,0.24473264375582965,0.46369627134353864,False,Draw,Home Win
21-22,2022-01-15,Wolves,Southampton,H,H,0.37008085943863417,0.2517793601788185,0.37813978038254725,True,Home Win,Home Win
21-22,2022-01-15,Norwich,Everton,H,A,0.5309397439427214,0.22842483052648413,0.24063542553079453,False,Home Win,Away Win
21-22,2022-01-15,Man City,Chelsea,H,H,0.07158455082558118,0.16947394092604234,0.7589415082483765,True,Home Win,Home Win
21-22,2022-01-15,Aston Villa,Man United,D,A,0.3787506467253864,0.26180468161383574,0.3594446716607778,False,Draw,Away Win
21-22,2022-01-15,Newcastle,Watford,D,H,0.3478145455551339,0.2683854217815501,0.38380003266331597,False,Draw,Home Win
21-22,2022-01-16,Liverpool,Brentford,H,H,0.20703399791482574,0.23496942726308206,0.5579965748220922,True,Home Win,Home Win
21-22,2022-01-16,West Ham,Leeds,A,H,0.12245604302265087,0.17185793108249542,0.7056860258948537,False,Away Win,Home Win
21-22,2022-01-18,Brighton,Chelsea,D,H,0.2856493658748735,0.27133590599677054,0.4430147281283561,False,Draw,Home Win
21-22,2022-01-19,Leicester,Tottenham,A,H,0.37015700676292507,0.2468323320051666,0.3830106612319083,False,Away Win,Home Win
21-22,2022-01-19,Brentford,Man United,A,A,0.5149748606971454,0.24414435134636903,0.24088078795648557,True,Away Win,Away Win
21-22,2022-01-21,Watford,Norwich,A,H,0.30221457305879634,0.2398015884406006,0.45798383850060315,False,Away Win,Home Win
21-22,2022-01-22,Leeds,Newcastle,A,H,0.22842133404278175,0.23257004483723392,0.5390086211199844,False,Away Win,Home Win
21-22,2022-01-22,Brentford,Wolves,A,A,0.514650848777234,0.2474177399453,0.2379314112774661,True,Away Win,Away Win
21-22,2022-01-22,Man United,West Ham,H,H,0.3131009933874468,0.23152559826782718,0.4553734083447261,True,Home Win,Home Win
21-22,2022-01-22,Everton,Aston Villa,A,H,0.3437676622925912,0.2596185058737506,0.3966138318336581,False,Away Win,Home Win
21-22,2022-01-22,Southampton,Man City,D,A,0.39963012114222035,0.22422011101345965,0.37614976784432,False,Draw,Away Win
21-22,2022-01-23,Chelsea,Tottenham,H,A,0.3887883103404999,0.24363839769379292,0.36757329196570726,False,Home Win,Away Win
21-22,2022-01-23,Leicester,Brighton,D,H,0.3272922900092984,0.24472052383212126,0.4279871861585804,False,Draw,Home Win
21-22,2022-01-23,Crystal Palace,Liverpool,A,A,0.4021594159638226,0.24750171398024468,0.35033887005593267,True,Away Win,Away Win
21-22,2022-01-23,Arsenal,Burnley,D,H,0.07710652811938808,0.19191462076931265,0.7309788511112992,False,Draw,Home Win
21-22,2022-02-05,Burnley,Watford,D,H,0.33809986211915366,0.26752712513365057,0.3943730127471957,False,Draw,Home Win
21-22,2022-02-08,Burnley,Man United,D,A,0.5170903269975891,0.23741260199934985,0.24549707100306117,False,Draw,Away Win
21-22,2022-02-08,Newcastle,Everton,H,H,0.33205781479174185,0.2733520411141722,0.3945901440940859,True,Home Win,Home Win
21-22,2022-02-08,West Ham,Watford,H,H,0.13447026940415996,0.22384916483074907,0.641680565765091,True,Home Win,Home Win
21-22,2022-02-09,Aston Villa,Leeds,D,H,0.19115483571607061,0.201715043989691,0.6071301202942383,False,Draw,Home Win
21-22,2022-02-09,Norwich,Crystal Palace,D,H,0.35327847781232,0.25769248452355065,0.38902903766412933,False,Draw,Home Win
21-22,2022-02-09,Man City,Brentford,H,H,0.0914855534981142,0.18190579985619468,0.7266086466456912,True,Home Win,Home Win
21-22,2022-02-09,Tottenham,Southampton,A,H,0.2627454898739367,0.2434797617859743,0.4937747483400889,False,Away Win,Home Win
21-22,2022-02-10,Liverpool,Leicester,H,H,0.24834253877956694,0.22729822795428553,0.5243592332661475,True,Home Win,Home Win
21-22,2022-02-10,Wolves,Arsenal,A,H,0.3211764816779375,0.272515936388878,0.40630758193318456,False,Away Win,Home Win
21-22,2022-02-12,Norwich,Man City,A,A,0.3971947781390929,0.2533837843260873,0.3494214375348197,True,Away Win,Away Win
21-22,2022-02-12,Watford,Brighton,A,A,0.4988012051721096,0.249547997509661,0.2516507973182294,True,Away Win,Away Win
21-22,2022-02-12,Everton,Leeds,H,A,0.45041051249470726,0.22419010216857974,0.32539938533671303,False,Home Win,Away Win
21-22,2022-02-12,Man United,Southampton,D,H,0.30578362797379477,0.24607841812093845,0.44813795390526684,False,Draw,Home Win
21-22,2022-02-12,Brentford,Crystal Palace,D,A,0.5629935554778926,0.2275557979917623,0.20945064653034517,False,Draw,Away Win
21-22,2022-02-13,Tottenham,Wolves,A,H,0.3558367184598092,0.26215116991390847,0.3820121116262823,False,Away Win,Home Win
21-22,2022-02-13,Newcastle,Aston Villa,H,H,0.2834389891363759,0.2513878861031526,0.46517312476047157,True,Home Win,Home Win
21-22,2022-02-13,Burnley,Liverpool,A,A,0.5426551940814867,0.2338809323619599,0.22346387355655345,True,Away Win,Away Win
21-22,2022-02-13,Leicester,West Ham,D,A,0.4315372373793791,0.24148561999153106,0.32697714262908967,False,Draw,Away Win
21-22,2022-02-15,Man United,Brighton,H,H,0.28506699127804735,0.25523335324055263,0.4596996554814,True,Home Win,Home Win
21-22,2022-02-19,Liverpool,Norwich,H,H,0.126225075503377,0.20813978228445296,0.6656351422121701,True,Home Win,Home Win
21-22,2022-02-19,Man City,Tottenham,A,H,0.12339728900224331,0.208591800206462,0.6680109107912947,False,Away Win,Home Win
21-22,2022-02-19,Aston Villa,Watford,A,H,0.2451019142564682,0.2710327780174825,0.4838653077260492,False,Away Win,Home Win
21-22,2022-02-19,Crystal Palace,Chelsea,A,A,0.4228595225055896,0.26357347134449877,0.3135670061499116,True,Away Win,Away Win
21-22,2022-02-19,Brighton,Burnley,A,H,0.2828637836712632,0.28878265736439307,0.4283535589643437,False,Away Win,Home Win
21-22,2022-02-19,West Ham,Newcastle,D,H,0.3517028870036276,0.25719843490989674,0.39109867808647564,False,Draw,Home Win
21-22,2022-02-19,Arsenal,Brentford,H,H,0.09965343842944954,0.20509814409339064,0.6952484174771598,True,Home Win,Home Win
21-22,2022-02-19,Southampton,Everton,H,H,0.2247288843840773,0.24828718525383828,0.5269839303620844,True,Home Win,Home Win
21-22,2022-02-20,Wolves,Leicester,H,H,0.17269859629094658,0.24261257094405506,0.5846888327649983,True,Home Win,Home Win
21-22,2022-02-20,Leeds,Man United,A,H,0.37335917930880164,0.25178155532111557,0.3748592653700828,False,Away Win,Home Win
21-22,2022-02-23,Watford,Crystal Palace,A,A,0.3968909394290653,0.2873667790267946,0.31574228154414014,True,Away Win,Away Win
21-22,2022-02-23,Liverpool,Leeds,H,H,0.08136470083953735,0.17126808600553553,0.7473672131549272,True,Home Win,Home Win
21-22,2022-02-23,Burnley,Tottenham,H,H,0.279225468135943,0.24191893762684652,0.4788555942372104,True,Home Win,Home Win
21-22,2022-02-24,Arsenal,Wolves,H,H,0.263126273747696,0.2427016717465931,0.4941720545057109,True,Home Win,Home Win
21-22,2022-02-25,Southampton,Norwich,H,H,0.24374709731872765,0.23717719299948153,0.5190757096817908,True,Home Win,Home Win
21-22,2022-02-26,Brighton,Aston Villa,A,A,0.3726578610010802,0.26837731023629324,0.35896482876262664,True,Away Win,Away Win
21-22,2022-02-26,Leeds,Tottenham,A,A,0.4531267969700553,0.24617478611817167,0.30069841691177296,True,Away Win,Away Win
21-22,2022-02-26,Crystal Palace,Burnley,D,A,0.38086962768643373,0.27464739734198157,0.3444829749715846,False,Draw,Away Win
21-22,2022-02-26,Man United,Watford,D,H,0.14139435826447572,0.23655672444636072,0.6220489172891637,False,Draw,Home Win
21-22,2022-02-26,Brentford,Newcastle,A,A,0.5517902830299629,0.22954850639257193,0.21866121057746515,True,Away Win,Away Win
21-22,2022-02-26,Everton,Man City,A,A,0.5134612083153922,0.23627117827532107,0.2502676134092866,True,Away Win,Away Win
21-22,2022-02-27,West Ham,Wolves,H,A,0.37966679418467025,0.2543213023508686,0.36601190346446105,False,Home Win,Away Win
21-22,2022-03-01,Burnley,Leicester,A,H,0.21970411425973457,0.25714897864920644,0.523146907091059,False,Away Win,Home Win
21-22,2022-03-05,Burnley,Chelsea,A,H,0.3388967429714318,0.27174874731919785,0.3893545097093703,False,Away Win,Home Win
21-22,2022-03-05,Leicester,Leeds,H,H,0.14719291775011456,0.18541544260292914,0.6673916396469564,True,Home Win,Home Win
21-22,2022-03-05,Newcastle,Brighton,H,H,0.1270818106309531,0.23018758075480736,0.6427306086142396,True,Home Win,Home Win
21-22,2022-03-05,Liverpool,West Ham,H,H,0.09354393177606757,0.19767595632327192,0.7087801119006605,True,Home Win,Home Win
21-22,2022-03-05,Wolves,Crystal Palace,A,A,0.3645722874535452,0.2790341528219921,0.35639355972446257,True,Away Win,Away Win
21-22,2022-03-05,Aston Villa,Southampton,H,A,0.38191877903873345,0.25318012381321336,0.3649010971480532,False,Home Win,Away Win
21-22,2022-03-05,Norwich,Brentford,A,H,0.31438425234731965,0.2800226795027596,0.4055930681499207,False,Away Win,Home Win
21-22,2022-03-06,Watford,Arsenal,A,A,0.47257898676161136,0.25214889988634515,0.27527211335204343,True,Away Win,Away Win
21-22,2022-03-06,Man City,Man United,H,H,0.24322799864179184,0.2522563682555091,0.5045156331026991,True,Home Win,Home Win
21-22,2022-03-07,Tottenham,Everton,H,H,0.2451721073881256,0.26205171168487845,0.49277618092699593,True,Home Win,Home Win
21-22,2022-03-10,Norwich,Chelsea,A,A,0.6257420434685176,0.2155383802499656,0.15871957628151676,True,Away Win,Away Win
21-22,2022-03-10,Leeds,Aston Villa,A,A,0.6790800046197812,0.19604207725088132,0.12487791812933752,True,Away Win,Away Win
21-22,2022-03-10,Wolves,Watford,H,H,0.2661349495742524,0.2592282821407322,0.47463676828501533,True,Home Win,Home Win
21-22,2022-03-10,Southampton,Newcastle,A,H,0.3364221111731333,0.2505518438662013,0.4130260449606654,False,Away Win,Home Win
21-22,2022-03-12,Brighton,Liverpool,A,A,0.6593882971863553,0.19428620383984954,0.1463254989737953,True,Away Win,Away Win
21-22,2022-03-12,Brentford,Burnley,H,H,0.3659223132714993,0.25742771816000454,0.3766499685684961,True,Home Win,Home Win
21-22,2022-03-12,Man United,Tottenham,H,A,0.3913411039135678,0.2535521782113494,0.3551067178750827,False,Home Win,Away Win
21-22,2022-03-13,Everton,Wolves,A,A,0.4795893643750396,0.2527126772524303,0.2676979583725301,True,Away Win,Away Win
21-22,2022-03-13,Chelsea,Newcastle,H,H,0.18778035795894335,0.2287826981602622,0.5834369438807945,True,Home Win,Home Win
21-22,2022-03-13,West Ham,Aston Villa,H,A,0.41128426504681365,0.27442210497889713,0.3142936299742892,False,Home Win,Away Win
21-22,2022-03-13,Arsenal,Leicester,H,H,0.1917095538466782,0.25144482299483034,0.5568456231584914,True,Home Win,Home Win
21-22,2022-03-13,Leeds,Norwich,H,A,0.42167840547566643,0.24459330246472194,0.33372829205961146,False,Home Win,Away Win
21-22,2022-03-13,Southampton,Watford,A,H,0.21938528308441732,0.2402572152190816,0.5403575016965011,False,Away Win,Home Win
21-22,2022-03-14,Crystal Palace,Man City,D,A,0.40011292221859546,0.2462802051776542,0.35360687260375034,False,Draw,Away Win
21-22,2022-03-16,Arsenal,Liverpool,A,H,0.30169819064081016,0.25381123085809426,0.44449057850109563,False,Away Win,Home Win
21-22,2022-03-16,Brighton,Tottenham,A,A,0.6981392153587225,0.18146507743373388,0.12039570720754371,True,Away Win,Away Win
21-22,2022-03-17,Everton,Newcastle,H,A,0.5079748465896722,0.24186488587727842,0.2501602675330494,False,Home Win,Away Win
21-22,2022-03-18,Wolves,Leeds,A,H,0.14288669754721595,0.1999719758781288,0.6571413265746552,False,Away Win,Home Win
21-22,2022-03-19,Aston Villa,Arsenal,A,H,0.22863418806839161,0.22285194510017342,0.548513866831435,False,Away Win,Home Win
21-22,2022-03-20,Tottenham,West Ham,H,H,0.16888769131597417,0.2244171376762199,0.606695171007806,True,Home Win,Home Win
21-22,2022-03-20,Leicester,Brentford,H,H,0.32582026876898984,0.26881415449205404,0.40536557673895623,True,Home Win,Home Win
21-22,2022-04-02,Burnley,Man City,A,A,0.5877919125227988,0.2252848138504544,0.18692327362674685,True,Away Win,Away Win
21-22,2022-04-02,Liverpool,Watford,H,H,0.05390846518397667,0.1474567758745834,0.79863475894144,True,Home Win,Home Win
21-22,2022-04-02,Chelsea,Brentford,A,H,0.12100533268744394,0.21822598548139582,0.6607686818311602,False,Away Win,Home Win
21-22,2022-04-02,Man United,Leicester,D,H,0.2345779623208626,0.24590874661866083,0.5195132910604765,False,Draw,Home Win
21-22,2022-04-02,Leeds,Southampton,D,H,0.3650925619596023,0.2583318887889455,0.3765755492514522,False,Draw,Home Win
21-22,2022-04-02,Wolves,Aston Villa,H,A,0.4238106146683291,0.25963171558780795,0.31655766974386285,False,Home Win,Away Win
21-22,2022-04-02,Brighton,Norwich,D,A,0.4163411666314558,0.25665512046432626,0.3270037129042179,False,Draw,Away Win
21-22,2022-04-03,West Ham,Everton,H,H,0.21128990414624135,0.2572841025497479,0.5314259933040107,True,Home Win,Home Win
21-22,2022-04-03,Tottenham,Newcastle,H,H,0.11922029772721468,0.2017492431795896,0.6790304590931957,True,Home Win,Home Win
21-22,2022-04-04,Crystal Palace,Arsenal,H,H,0.2922761339773519,0.24181310882649326,0.4659107571961548,True,Home Win,Home Win
21-22,2022-04-06,Burnley,Everton,H,A,0.427113866606856,0.26355946254335805,0.30932667084978593,False,Home Win,Away Win
21-22,2022-04-08,Newcastle,Wolves,H,A,0.4300043553011251,0.24930408995290998,0.3206915547459649,False,Home Win,Away Win
21-22,2022-04-09,Everton,Man United,H,A,0.46754657254704174,0.2324348192956168,0.30001860815734144,False,Home Win,Away Win
21-22,2022-04-09,Aston Villa,Tottenham,A,A,0.47066372765647213,0.2263425894653421,0.3029936828781858,True,Away Win,Away Win
21-22,2022-04-09,Watford,Leeds,A,A,0.4013410472216478,0.25047140938074025,0.34818754339761193,True,Away Win,Away Win
21-22,2022-04-09,Arsenal,Brighton,A,H,0.19908708704474073,0.27175931623024663,0.5291535967250126,False,Away Win,Home Win
21-22,2022-04-09,Southampton,Chelsea,A,A,0.49271574727536555,0.22934601330704807,0.2779382394175864,True,Away Win,Away Win
21-22,2022-04-10,Norwich,Burnley,H,H,0.34531860443020385,0.24847239068775592,0.4062090048820403,True,Home Win,Home Win
21-22,2022-04-10,Man City,Liverpool,D,A,0.40530807650018036,0.25080506113245066,0.34388686236736893,False,Draw,Away Win
21-22,2022-04-10,Brentford,West Ham,H,H,0.21463475607502716,0.23467242527846052,0.5506928186465123,True,Home Win,Home Win
21-22,2022-04-10,Leicester,Crystal Palace,H,A,0.38064622842592255,0.26874180099357703,0.3506119705805004,False,Home Win,Away Win
21-22,2022-04-16,Tottenham,Brighton,A,H,0.08231291184807138,0.1857115870054941,0.7319755011464345,False,Away Win,Home Win
21-22,2022-04-16,Man United,Norwich,H,H,0.3305557033833591,0.26658829403705653,0.4028560025795843,True,Home Win,Home Win
21-22,2022-04-16,Watford,Brentford,A,A,0.6229198510406031,0.2038024088621572,0.17327774009723976,True,Away Win,Away Win
21-22,2022-04-16,Southampton,Arsenal,H,A,0.49981860983979925,0.2439644609953891,0.2562169291648116,False,Home Win,Away Win
21-22,2022-04-17,West Ham,Burnley,D,H,0.22800945556950375,0.2424148242664113,0.5295757201640849,False,Draw,Home Win
21-22,2022-04-17,Newcastle,Leicester,H,A,0.3977008690217288,0.2553402257948825,0.3469589051833888,False,Home Win,Away Win
21-22,2022-04-19,Liverpool,Man United,H,H,0.14421537437253984,0.21099234297327954,0.6447922826541806,True,Home Win,Home Win
21-22,2022-04-20,Newcastle,Crystal Palace,H,A,0.45051920717234856,0.26795546644409196,0.2815253263835594,False,Home Win,Away Win
21-22,2022-04-20,Everton,Leicester,D,H,0.3268666845351388,0.2587967838863303,0.414336531578531,False,Draw,Home Win
21-22,2022-04-20,Chelsea,Arsenal,A,H,0.07768776269929294,0.18384520437401777,0.7384670329266891,False,Away Win,Home Win
21-22,2022-04-20,Man City,Brighton,H,H,0.16304044264879683,0.2413200134641259,0.5956395438870772,True,Home Win,Home Win
21-22,2022-04-21,Burnley,Southampton,H,H,0.3084576297328951,0.2508755567112457,0.4406668135558593,True,Home Win,Home Win
21-22,2022-04-23,Leicester,Aston Villa,D,H,0.22661624319103796,0.2566739085839522,0.5167098482250099,False,Draw,Home Win
21-22,2022-04-23,Brentford,Tottenham,D,H,0.3110077761838413,0.2500429065013022,0.4389493173148566,False,Draw,Home Win
21-22,2022-04-23,Man City,Watford,H,H,0.08577982782616364,0.17926912133585013,0.7349510508379863,True,Home Win,Home Win
21-22,2022-04-23,Norwich,Newcastle,A,H,0.33428456981061844,0.24347263783825152,0.42224279235113005,False,Away Win,Home Win
21-22,2022-04-23,Arsenal,Man United,H,H,0.2985972874706452,0.23944745887012625,0.46195525365922857,True,Home Win,Home Win
21-22,2022-04-24,Brighton,Southampton,D,H,0.24501690277581561,0.25273956931513575,0.5022435279090487,False,Draw,Home Win
21-22,2022-04-24,Chelsea,West Ham,H,H,0.1717802696205152,0.21519371354285763,0.6130260168366272,True,Home Win,Home Win
21-22,2022-04-24,Burnley,Wolves,H,A,0.3894744116252413,0.25707956863743786,0.3534460197373208,False,Home Win,Away Win
21-22,2022-04-24,Liverpool,Everton,H,H,0.12795989536020425,0.21648030871560198,0.6555597959241938,True,Home Win,Home Win
21-22,2022-04-25,Crystal Palace,Leeds,D,H,0.31287523226443953,0.242755975061469,0.44436879267409146,False,Draw,Home Win
21-22,2022-04-28,Man United,Chelsea,D,A,0.4871089203521335,0.22918067353022462,0.283710406117642,False,Draw,Away Win
21-22,2022-04-30,Newcastle,Liverpool,A,H,0.3699810836488777,0.2583740367623004,0.371644879588822,False,Away Win,Home Win
21-22,2022-04-30,Aston Villa,Norwich,H,A,0.4572780932349745,0.2569766636678383,0.2857452430971872,False,Home Win,Away Win
21-22,2022-04-30,Watford,Burnley,A,A,0.516141717221038,0.23407255833179477,0.2497857244471672,True,Away Win,Away Win
21-22,2022-04-30,Leeds,Man City,A,H,0.3284047178726494,0.2588481620838846,0.41274712004346603,False,Away Win,Home Win
21-22,2022-04-30,Wolves,Brighton,A,H,0.32367839202214865,0.25928687797354205,0.41703473000430924,False,Away Win,Home Win
21-22,2022-04-30,Southampton,Crystal Palace,A,A,0.4422081823088717,0.2816383685297054,0.2761534491614229,True,Away Win,Away Win
21-22,2022-05-01,West Ham,Arsenal,A,A,0.4015940147933047,0.24970484369065243,0.34870114151604276,True,Away Win,Away Win
21-22,2022-05-01,Tottenham,Leicester,H,H,0.15728616438851795,0.23417750361410417,0.6085363319973778,True,Home Win,Home Win
21-22,2022-05-01,Everton,Chelsea,H,A,0.4377322269818521,0.23932705836113988,0.3229407146570081,False,Home Win,Away Win
21-22,2022-05-02,Man United,Brentford,H,A,0.5134281547727301,0.23804538874719167,0.24852645648007826,False,Home Win,Away Win
21-22,2022-05-07,Brentford,Southampton,H,H,0.1387612163008472,0.21015943579813645,0.6510793479010163,True,Home Win,Home Win
21-22,2022-05-07,Chelsea,Wolves,D,H,0.17801040087619327,0.23469865302909282,0.5872909460947139,False,Draw,Home Win
21-22,2022-05-07,Liverpool,Tottenham,D,H,0.2489136306139309,0.2560954686142017,0.49499090077186747,False,Draw,Home Win
21-22,2022-05-07,Burnley,Aston Villa,A,H,0.20142297053905503,0.2638126664887613,0.5347643629721838,False,Away Win,Home Win
21-22,2022-05-07,Brighton,Man United,H,H,0.21460337146598288,0.23002301171003095,0.5553736168239861,True,Home Win,Home Win
21-22,2022-05-07,Crystal Palace,Watford,H,H,0.15353516045469068,0.22431134345881637,0.6221534960864928,True,Home Win,Home Win
21-22,2022-05-08,Norwich,West Ham,A,H,0.3611295624573123,0.27222199642653305,0.3666484411161547,False,Away Win,Home Win
21-22,2022-05-08,Man City,Newcastle,H,H,0.13106535238477438,0.2055490195693716,0.663385628045854,True,Home Win,Home Win
21-22,2022-05-08,Arsenal,Leeds,H,H,0.2256935351395622,0.2364733757961526,0.5378330890642852,True,Home Win,Home Win
21-22,2022-05-08,Leicester,Everton,A,H,0.3485287325019119,0.2624197703041673,0.3890514971939207,False,Away Win,Home Win
21-22,2022-05-10,Aston Villa,Liverpool,A,A,0.43981668377048205,0.25288161928091807,0.30730169694859993,True,Away Win,Away Win
21-22,2022-05-11,Watford,Everton,D,A,0.5568151909228884,0.22697660342694517,0.21620820565016632,False,Draw,Away Win
21-22,2022-05-11,Leeds,Chelsea,A,H,0.3369344411229396,0.2615248180987225,0.4015407407783379,False,Away Win,Home Win
21-22,2022-05-11,Wolves,Man City,A,A,0.6909156193941274,0.1818105158205692,0.12727386478530348,True,Away Win,Away Win
21-22,2022-05-11,Leicester,Norwich,H,H,0.309479381912938,0.24675214251838545,0.4437684755686765,True,Home Win,Home Win
21-22,2022-05-12,Tottenham,Arsenal,H,H,0.30973624670079275,0.2350229187155283,0.455240834583679,True,Home Win,Home Win
21-22,2022-05-15,Tottenham,Burnley,H,H,0.27806830791006487,0.2503626766062814,0.4715690154836537,True,Home Win,Home Win
21-22,2022-05-15,Everton,Brentford,A,H,0.3613153490697776,0.26576618337877855,0.37291846755144387,False,Away Win,Home Win
21-22,2022-05-15,Wolves,Norwich,D,H,0.3041778581339125,0.24636354537138272,0.4494585964947048,False,Draw,Home Win
21-22,2022-05-15,West Ham,Man City,D,A,0.6998631970351059,0.17331227948021222,0.12682452348468196,False,Draw,Away Win
21-22,2022-05-15,Leeds,Brighton,D,A,0.514574543746754,0.23538654201610917,0.25003891423713687,False,Draw,Away Win
21-22,2022-05-15,Watford,Leicester,A,A,0.49869152103832726,0.25222644617413664,0.24908203278753613,True,Away Win,Away Win
21-22,2022-05-15,Aston Villa,Crystal Palace,D,H,0.316403190245994,0.27442420894243114,0.4091726008115748,False,Draw,Home Win
21-22,2022-05-16,Newcastle,Arsenal,H,H,0.34608678174085195,0.23289066884898546,0.42102254941016254,True,Home Win,Home Win
21-22,2022-05-17,Southampton,Liverpool,A,A,0.5607218923802976,0.2260561823504144,0.21322192526928807,True,Away Win,Away Win
21-22,2022-05-19,Everton,Crystal Palace,H,H,0.33959437036536905,0.2775542635011568,0.38285136613347415,True,Home Win,Home Win
21-22,2022-05-19,Chelsea,Leicester,D,H,0.32810431484341546,0.26215760634794866,0.40973807880863583,False,Draw,Home Win
21-22,2022-05-19,Aston Villa,Burnley,D,H,0.2724967105505774,0.2549225618123099,0.4725807276371128,False,Draw,Home Win
21-22,2022-05-22,Crystal Palace,Man United,H,H,0.19415705514323786,0.2306070840763089,0.5752358607804533,True,Home Win,Home Win
21-22,2022-05-22,Norwich,Tottenham,A,A,0.6604903739699692,0.2034514680049587,0.13605815802507198,True,Away Win,Away Win
21-22,2022-05-22,Man City,Aston Villa,H,H,0.0788517556191951,0.1665827505463314,0.7545654938344735,True,Home Win,Home Win
21-22,2022-05-22,Arsenal,Everton,H,H,0.3174796981612307,0.24971389109051526,0.4328064107482541,True,Home Win,Home Win
21-22,2022-05-22,Brighton,West Ham,H,H,0.2610841918108909,0.26023620670424,0.47867960148486904,True,Home Win,Home Win
21-22,2022-05-22,Chelsea,Watford,H,H,0.16531516140782457,0.22490696146350178,0.6097778771286737,True,Home Win,Home Win
21-22,2022-05-22,Brentford,Leeds,A,H,0.14585666793649443,0.23317056470961772,0.6209727673538877,False,Away Win,Home Win
21-22,2022-05-22,Leicester,Southampton,H,H,0.15229893258156038,0.22225133405137612,0.6254497333670636,True,Home Win,Home Win
21-22,2022-05-22,Burnley,Newcastle,A,H,0.3272364123774163,0.2562419835900269,0.41652160403255667,False,Away Win,Home Win
21-22,2022-05-22,Liverpool,Wolves,H,H,0.10949089630723645,0.20911117382480393,0.6813979298679596,True,Home Win,Home Win
22-23,2022-08-05,Crystal Palace,Arsenal,A,H,0.26297861167778763,0.24132710882021668,0.49569427950199585,False,Away Win,Home Win
22-23,2022-08-06,Leeds,Wolves,H,H,0.30197953517775616,0.2444640938835634,0.4535563709386805,True,Home Win,Home Win
22-23,2022-08-06,Tottenham,Southampton,H,H,0.06714627735586742,0.16633901700511514,0.7665147056390175,True,Home Win,Home Win
22-23,2022-08-06,Everton,Chelsea,A,A,0.37490835454721766,0.2580681402117563,0.36702350524102617,True,Away Win,Away Win
22-23,2022-08-07,Man United,Brighton,A,A,0.5664812214958276,0.22184858527130988,0.21167019323286254,True,Away Win,Away Win
22-23,2022-08-07,Leicester,Brentford,D,H,0.145874879305268,0.20972135839874778,0.6444037622959843,False,Draw,Home Win
22-23,2022-08-07,West Ham,Man City,A,A,0.5916737758715507,0.19915573576717915,0.2091704883612701,True,Away Win,Away Win
22-23,2022-08-13,Arsenal,Leicester,H,A,0.4118963917702324,0.24206500751704305,0.34603860071272463,False,Home Win,Away Win
22-23,2022-08-13,Brighton,Newcastle,D,H,0.11213102118338729,0.19222823822735416,0.6956407405892586,False,Draw,Home Win
22-23,2022-08-13,Wolves,Fulham,D,A,0.4708036218652773,0.2507107647377183,0.2784856133970044,False,Draw,Away Win
22-23,2022-08-13,Man City,Bournemouth,H,H,0.14913331659671195,0.3620770752191786,0.48878960818410955,True,Home Win,Home Win
22-23,2022-08-13,Aston Villa,Everton,H,H,0.35129944748751135,0.24535278440168387,0.4033477681108048,True,Home Win,Home Win
22-23,2022-08-13,Brentford,Man United,H,H,0.24321044195937844,0.2530494843272767,0.5037400737133447,True,Home Win,Home Win
22-23,2022-08-13,Southampton,Leeds,D,A,0.5154373495017733,0.22889433903358308,0.2556683114646435,False,Draw,Away Win
22-23,2022-08-14,Nott'm Forest,West Ham,H,A,0.41919510732368376,0.3440409789827607,0.23676391369355546,False,Home Win,Away Win
22-23,2022-08-14,Chelsea,Tottenham,D,A,0.3791313506537378,0.2533502248209921,0.3675184245252701,False,Draw,Away Win
22-23,2022-08-15,Liverpool,Crystal Palace,D,H,0.1841072758712133,0.2403845821232367,0.57550814200555,False,Draw,Home Win
22-23,2022-08-20,Tottenham,Wolves,H,H,0.06236376307207693,0.16248364084911418,0.7751525960788088,True,Home Win,Home Win
22-23,2022-08-20,Leicester,Southampton,A,H,0.0982155998918478,0.17198612926698337,0.7297982708411689,False,Away Win,Home Win
22-23,2022-08-20,Everton,Nott'm Forest,D,A,0.38971203935582566,0.26249192727657944,0.34779603336759507,False,Draw,Away Win
22-23,2022-08-20,Crystal Palace,Aston Villa,H,H,0.3369344411229396,0.2615248180987225,0.4015407407783379,True,Home Win,Home Win
22-23,2022-08-20,Fulham,Brentford,H,A,0.5194408131226205,0.22471917249275608,0.25584001438462345,False,Home Win,Away Win
22-23,2022-08-20,Bournemouth,Arsenal,A,A,0.43849459934133755,0.2628285564141034,0.29867684424455887,True,Away Win,Away Win
22-23,2022-08-21,Leeds,Chelsea,H,A,0.3805970958119864,0.25279038146671545,0.36661252272129813,False,Home Win,Away Win
22-23,2022-08-21,West Ham,Brighton,A,A,0.4735834617952986,0.24100998058775375,0.28540655761694766,True,Away Win,Away Win
22-23,2022-08-21,Newcastle,Man City,D,A,0.46673174623272745,0.2356634675295385,0.29760478623773395,False,Draw,Away Win
22-23,2022-08-22,Man United,Liverpool,H,A,0.5346248241152987,0.22196996294624785,0.2434052129384534,False,Home Win,Away Win
22-23,2022-08-27,Brentford,Everton,D,H,0.17269438452385402,0.21317225042189913,0.6141333650542469,False,Draw,Home Win
22-23,2022-08-27,Chelsea,Leicester,H,H,0.3179184139119845,0.25320186972963854,0.42887971635837685,True,Home Win,Home Win
22-23,2022-08-27,Liverpool,Bournemouth,H,H,0.1689789788508831,0.19269963734239923,0.6383213838067177,True,Home Win,Home Win
22-23,2022-08-27,Arsenal,Fulham,H,H,0.14732151590206158,0.23103859655188483,0.6216398875460536,True,Home Win,Home Win
22-23,2022-08-27,Brighton,Leeds,H,H,0.27203526222164154,0.24757107319428553,0.48039366458407295,True,Home Win,Home Win
22-23,2022-08-27,Man City,Crystal Palace,H,H,0.15085326094352347,0.21357348815423632,0.6355732509022401,True,Home Win,Home Win
22-23,2022-08-27,Southampton,Man United,A,H,0.26172226019450945,0.2392523038798933,0.49902543592559717,False,Away Win,Home Win
22-23,2022-08-28,Nott'm Forest,Tottenham,A,A,0.5592053148202364,0.228635721055734,0.21215896412402968,True,Away Win,Away Win
22-23,2022-08-28,Aston Villa,West Ham,A,H,0.2830216890014545,0.2644375355358933,0.4525407754626523,False,Away Win,Home Win
22-23,2022-08-28,Wolves,Newcastle,D,A,0.5377176967618024,0.22989975440705837,0.23238254883113924,False,Draw,Away Win
22-23,2022-08-30,Crystal Palace,Brentford,D,H,0.3540118274818728,0.25959272018320056,0.3863954523349266,False,Draw,Home Win
22-23,2022-08-30,Leeds,Everton,D,H,0.14915544764133784,0.2317392273298101,0.6191053250288521,False,Draw,Home Win
22-23,2022-08-30,Southampton,Chelsea,H,A,0.41513088016508654,0.236277220145506,0.34859189968940735,False,Home Win,Away Win
22-23,2022-08-30,Fulham,Brighton,H,A,0.41930834646291976,0.24450021743506964,0.33619143610201063,False,Home Win,Away Win
22-23,2022-08-31,Bournemouth,Wolves,D,A,0.4550247767651414,0.3090164112110798,0.23595881202377864,False,Draw,Away Win
22-23,2022-08-31,Man City,Nott'm Forest,H,H,0.08910412818945097,0.18972328743243544,0.7211725843781137,True,Home Win,Home Win
22-23,2022-08-31,Arsenal,Aston Villa,H,H,0.06167385284733152,0.16299396571752303,0.7753321814351454,True,Home Win,Home Win
22-23,2022-08-31,West Ham,Tottenham,D,A,0.6567427896795145,0.19606477911921671,0.14719243120126874,False,Draw,Away Win
22-23,2022-08-31,Liverpool,Newcastle,H,H,0.17440797558398438,0.2125081752083933,0.6130838492076223,True,Home Win,Home Win
22-23,2022-09-01,Leicester,Man United,A,H,0.26026098031688166,0.23779728661274685,0.5019417330703715,False,Away Win,Home Win
22-23,2022-09-03,Newcastle,Crystal Palace,D,H,0.27812388902719887,0.24997039244564206,0.47190571852715907,False,Draw,Home Win
22-23,2022-09-03,Tottenham,Fulham,H,H,0.19469866942764374,0.23273526293451163,0.5725660676378446,True,Home Win,Home Win
22-23,2022-09-03,Chelsea,West Ham,H,H,0.2665091496575028,0.2757183543337122,0.4577724960087849,True,Home Win,Home Win
22-23,2022-09-03,Everton,Liverpool,D,A,0.5746856176739221,0.22283847961007106,0.2024759027160069,False,Draw,Away Win
22-23,2022-09-03,Brentford,Leeds,H,H,0.3064872486349321,0.25094829848960976,0.44256445287545815,True,Home Win,Home Win
22-23,2022-09-03,Wolves,Southampton,H,A,0.39233091890860283,0.2486761530181676,0.35899292807322947,False,Home Win,Away Win
22-23,2022-09-03,Aston Villa,Man City,D,A,0.6871315737165062,0.17654445009461112,0.1363239761888826,False,Draw,Away Win
22-23,2022-09-03,Nott'm Forest,Bournemouth,A,H,0.2552065069211176,0.22554006761100637,0.519253425467876,False,Away Win,Home Win
22-23,2022-09-04,Brighton,Leicester,H,H,0.18872432072533712,0.2528160699014801,0.5584596093731827,True,Home Win,Home Win
22-23,2022-09-04,Man United,Arsenal,H,A,0.4702263083124762,0.23235071900010182,0.29742297268742207,False,Home Win,Away Win
22-23,2022-09-16,Aston Villa,Southampton,H,A,0.3916675598407877,0.258652996849555,0.3496794433096572,False,Home Win,Away Win
22-23,2022-09-16,Nott'm Forest,Fulham,A,A,0.4596160025637491,0.24878643143445225,0.2915975660017986,True,Away Win,Away Win
22-23,2022-09-17,Wolves,Man City,A,A,0.5836715212132825,0.21723130396438228,0.19909717482233516,True,Away Win,Away Win
22-23,2022-09-17,Tottenham,Leicester,H,H,0.1313344360607864,0.21650020369164633,0.6521653602475673,True,Home Win,Home Win
22-23,2022-09-17,Newcastle,Bournemouth,D,H,0.1560603669299958,0.18592997210325127,0.6580096609667528,False,Draw,Home Win
22-23,2022-09-18,Brentford,Arsenal,A,H,0.2571425395553359,0.21354102339346098,0.529316437051203,False,Away Win,Home Win
22-23,2022-09-18,Everton,West Ham,H,H,0.3274058063365955,0.27820721224691325,0.39438698141649114,True,Home Win,Home Win
22-23,2022-10-01,Liverpool,Brighton,D,H,0.22901951683309898,0.23339343027754958,0.5375870528893515,False,Draw,Home Win
22-23,2022-10-01,West Ham,Wolves,H,H,0.35377759063803665,0.28102464780892744,0.36519776155303585,True,Home Win,Home Win
22-23,2022-10-01,Arsenal,Tottenham,H,H,0.2701499088189474,0.2371836186599056,0.49266647252114715,True,Home Win,Home Win
22-23,2022-10-01,Crystal Palace,Chelsea,A,H,0.2852471644087293,0.24103855060383186,0.4737142849874389,False,Away Win,Home Win
22-23,2022-10-01,Southampton,Everton,A,A,0.3626460014507437,0.2824071706747657,0.35494682787449067,True,Away Win,Away Win
22-23,2022-10-01,Bournemouth,Brentford,D,A,0.46959613642118825,0.2435088714805043,0.28689499209830743,False,Draw,Away Win
22-23,2022-10-01,Fulham,Newcastle,A,H,0.23338793963858398,0.25798678118433427,0.5086252791770818,False,Away Win,Home Win
22-23,2022-10-02,Man City,Man United,H,H,0.11458355834580183,0.1742995086440337,0.7111169330101644,True,Home Win,Home Win
22-23,2022-10-02,Leeds,Aston Villa,D,H,0.2824283608958618,0.26219492296722846,0.4553767161369096,False,Draw,Home Win
22-23,2022-10-03,Leicester,Nott'm Forest,H,H,0.353366163566052,0.2337856183132107,0.41284821812073735,True,Home Win,Home Win
22-23,2022-10-08,Newcastle,Brentford,H,H,0.2972382973700387,0.25720619647179055,0.4455555061581708,True,Home Win,Home Win
22-23,2022-10-08,Chelsea,Wolves,H,H,0.22645783481900778,0.26566037758974065,0.5078817875912516,True,Home Win,Home Win
22-23,2022-10-08,Man City,Southampton,H,H,0.061350594570500835,0.16854749410145597,0.7701019113280433,True,Home Win,Home Win
22-23,2022-10-08,Brighton,Tottenham,A,H,0.25469926431245843,0.22809496539721,0.5172057702903317,False,Away Win,Home Win
22-23,2022-10-08,Bournemouth,Leicester,H,H,0.3570070792632355,0.24416684283307635,0.39882607790368824,True,Home Win,Home Win
22-23,2022-10-09,Arsenal,Liverpool,H,H,0.307083804843479,0.2534193541080286,0.4394968410484924,True,Home Win,Home Win
22-23,2022-10-09,West Ham,Fulham,H,H,0.2683307318693306,0.24023816480249496,0.4914311033281745,True,Home Win,Home Win
22-23,2022-10-09,Crystal Palace,Leeds,H,H,0.32430879535061974,0.26166928889818847,0.41402191575119185,True,Home Win,Home Win
22-23,2022-10-09,Everton,Man United,A,H,0.30539589365537306,0.2338577894394419,0.46074631690518497,False,Away Win,Home Win
22-23,2022-10-10,Nott'm Forest,Aston Villa,D,A,0.5545739940445806,0.24445564802119785,0.2009703579342215,False,Draw,Away Win
22-23,2022-10-14,Brentford,Brighton,H,A,0.41288345703294194,0.24385661408741086,0.34325992887964707,False,Home Win,Away Win
22-23,2022-10-15,Leicester,Crystal Palace,D,H,0.3591879380232666,0.24814777491977058,0.39266428705696277,False,Draw,Home Win
22-23,2022-10-15,Tottenham,Everton,H,H,0.21012690947284382,0.2487473267547771,0.5411257637723791,True,Home Win,Home Win
22-23,2022-10-15,Wolves,Nott'm Forest,H,H,0.2832609185364103,0.2395553407312147,0.47718374073237513,True,Home Win,Home Win
22-23,2022-10-15,Fulham,Bournemouth,D,A,0.37758086964606286,0.25684632025642834,0.36557281009750875,False,Draw,Away Win
22-23,2022-10-16,Southampton,West Ham,D,A,0.49319838901393087,0.25258366184614567,0.2542179491399235,False,Draw,Away Win
22-23,2022-10-16,Aston Villa,Chelsea,A,A,0.4278098670335454,0.2430315528145788,0.32915858015187593,True,Away Win,Away Win
22-23,2022-10-16,Leeds,Arsenal,A,A,0.5481337002948168,0.2098895848412401,0.24197671486394304,True,Away Win,Away Win
22-23,2022-10-16,Liverpool,Man City,H,A,0.39018500139984735,0.22127024216986105,0.3885447564302916,False,Home Win,Away Win
22-23,2022-10-16,Man United,Newcastle,D,H,0.2925251968222502,0.26112032680387903,0.44635447637387066,False,Draw,Home Win
22-23,2022-10-18,Crystal Palace,Wolves,H,H,0.24520529035542338,0.25455846147723293,0.5002362481673436,True,Home Win,Home Win
22-23,2022-10-18,Brighton,Nott'm Forest,D,H,0.23389642888654893,0.23921240170224495,0.5268911694112061,False,Draw,Home Win
22-23,2022-10-19,Man United,Tottenham,H,H,0.3343643274503518,0.23721291076050025,0.42842276178914795,True,Home Win,Home Win
22-23,2022-10-19,Brentford,Chelsea,D,A,0.414441688608979,0.2418934076546119,0.3436649037364092,False,Draw,Away Win
22-23,2022-10-19,Liverpool,West Ham,H,H,0.3027406566570891,0.2647166723165925,0.4325426710263184,True,Home Win,Home Win
22-23,2022-10-19,Newcastle,Everton,H,H,0.17921911418834593,0.24038080141371118,0.580400084397943,True,Home Win,Home Win
22-23,2022-10-19,Bournemouth,Southampton,A,H,0.16542589712482206,0.24960691003662927,0.5849671928385487,False,Away Win,Home Win
22-23,2022-10-20,Fulham,Aston Villa,H,H,0.3630840144203791,0.2685689145830186,0.3683470709966023,True,Home Win,Home Win
22-23,2022-10-20,Leicester,Leeds,H,H,0.2880181034728368,0.25750533809124543,0.4544765584359177,True,Home Win,Home Win
22-23,2022-10-22,Everton,Crystal Palace,H,A,0.3750721475357374,0.2714212966737697,0.35350655579049295,False,Home Win,Away Win
22-23,2022-10-22,Chelsea,Man United,D,H,0.18632185060102488,0.22157801549222705,0.5921001339067481,False,Draw,Home Win
22-23,2022-10-22,Man City,Brighton,H,H,0.14900135092813255,0.21500876514420406,0.6359898839276633,True,Home Win,Home Win
22-23,2022-10-22,Nott'm Forest,Liverpool,H,A,0.4910719406382146,0.24281807804377412,0.26610998131801117,False,Home Win,Away Win
22-23,2022-10-23,Southampton,Arsenal,D,A,0.5258310957479868,0.2231247401644345,0.2510441640875787,False,Draw,Away Win
22-23,2022-10-23,Leeds,Fulham,A,A,0.4930384805330732,0.22286209541175195,0.28409942405517496,True,Away Win,Away Win
22-23,2022-10-23,Aston Villa,Brentford,H,H,0.3310424054155209,0.26952118579239964,0.39943640879207953,True,Home Win,Home Win
22-23,2022-10-23,Wolves,Leicester,A,A,0.514864130474907,0.23703549142141497,0.24810037810367808,True,Away Win,Away Win
22-23,2022-10-23,Tottenham,Newcastle,A,H,0.3489962564585398,0.2530152238819494,0.3979885196595108,False,Away Win,Home Win
22-23,2022-10-24,West Ham,Bournemouth,H,H,0.2896288028502177,0.27239899665563827,0.43797220049414415,True,Home Win,Home Win
22-23,2022-10-29,Brighton,Chelsea,H,A,0.5520156942514874,0.2329038313067789,0.21508047444173375,False,Home Win,Away Win
22-23,2022-10-29,Crystal Palace,Southampton,H,H,0.27709370135124073,0.2628268474436748,0.46007945120508453,True,Home Win,Home Win
22-23,2022-10-29,Liverpool,Leeds,A,H,0.2321103426069767,0.27207368171032215,0.4958159756827012,False,Away Win,Home Win
22-23,2022-10-29,Leicester,Man City,A,H,0.3198992252987692,0.2361744464833009,0.44392632821792993,False,Away Win,Home Win
22-23,2022-10-29,Newcastle,Aston Villa,H,H,0.12609614394923396,0.22509075961532982,0.6488130964354362,True,Home Win,Home Win
22-23,2022-10-29,Brentford,Wolves,D,H,0.28172955379078113,0.2586758876663975,0.4595945585428214,False,Draw,Home Win
22-23,2022-10-29,Fulham,Everton,D,H,0.2869083190324506,0.2565127992523109,0.45657888171523847,False,Draw,Home Win
22-23,2022-10-29,Bournemouth,Tottenham,A,H,0.34272551129842,0.26453707915643876,0.3927374095451412,False,Away Win,Home Win
22-23,2022-10-30,Man United,West Ham,H,H,0.35911420761583446,0.2611544184933151,0.37973137389085043,True,Home Win,Home Win
22-23,2022-10-30,Arsenal,Nott'm Forest,H,H,0.11416352401996742,0.2212773664354253,0.6645591095446073,True,Home Win,Home Win
22-23,2022-11-05,Wolves,Brighton,A,A,0.42148265162913884,0.26971575511128765,0.3088015932595735,True,Away Win,Away Win
22-23,2022-11-05,Leeds,Bournemouth,H,H,0.3703755789276385,0.256871205657872,0.37275321541448947,True,Home Win,Home Win
22-23,2022-11-05,Man City,Fulham,H,H,0.15084687871614352,0.21043819567597152,0.638714925607885,True,Home Win,Home Win
22-23,2022-11-05,Everton,Leicester,A,A,0.4462674957906093,0.26949191938922384,0.28424058482016684,True,Away Win,Away Win
22-23,2022-11-05,Nott'm Forest,Brentford,D,H,0.3278756180781573,0.258727643506878,0.4133967384149646,False,Draw,Home Win
22-23,2022-11-06,Southampton,Newcastle,A,A,0.581522248967822,0.22355633089040866,0.19492142014176927,True,Away Win,Away Win
22-23,2022-11-06,Chelsea,Arsenal,A,A,0.4216218881069053,0.2402409982624807,0.338137113630614,True,Away Win,Away Win
22-23,2022-11-06,Tottenham,Liverpool,A,H,0.25283197630304305,0.2643803982793836,0.4827876254175733,False,Away Win,Home Win
22-23,2022-11-06,Aston Villa,Man United,H,A,0.47655487289867915,0.24998830196734032,0.2734568251339805,False,Home Win,Away Win
22-23,2022-11-06,West Ham,Crystal Palace,A,H,0.28491560890573164,0.2519708588651677,0.4631135322291007,False,Away Win,Home Win
22-23,2022-11-12,West Ham,Leicester,A,A,0.4957078433260572,0.2567738504941738,0.247518306179769,True,Away Win,Away Win
22-23,2022-11-12,Wolves,Arsenal,A,A,0.5549709532543893,0.22155629318981046,0.22347275355580037,True,Away Win,Away Win
22-23,2022-11-12,Man City,Brentford,A,H,0.14535622826700006,0.22750412450873655,0.6271396472242634,False,Away Win,Home Win
22-23,2022-11-12,Tottenham,Leeds,H,H,0.2983080371740677,0.2415634621636646,0.4601285006622676,True,Home Win,Home Win
22-23,2022-11-12,Liverpool,Southampton,H,H,0.24054547554772776,0.26744677973636605,0.4920077447159062,True,Home Win,Home Win
22-23,2022-11-12,Newcastle,Chelsea,H,H,0.12164980269983892,0.22523093522971935,0.6531192620704417,True,Home Win,Home Win
22-23,2022-11-12,Nott'm Forest,Crystal Palace,H,A,0.41332642014126114,0.25475654395528113,0.33191703590345767,False,Home Win,Away Win
22-23,2022-11-12,Bournemouth,Everton,H,A,0.3992876116757948,0.2674767080198688,0.33323568030433653,False,Home Win,Away Win
22-23,2022-11-13,Fulham,Man United,A,H,0.2557376530967503,0.25840274853837486,0.4858595983648749,False,Away Win,Home Win
22-23,2022-11-13,Brighton,Aston Villa,A,H,0.25138463131567756,0.23613972898500987,0.5124756396993126,False,Away Win,Home Win
22-23,2022-12-26,Arsenal,West Ham,H,H,0.11927940382271626,0.2362151246803525,0.6445054714969312,True,Home Win,Home Win
22-23,2022-12-26,Aston Villa,Liverpool,A,H,0.2891747220142684,0.25337442736495663,0.45745085062077484,False,Away Win,Home Win
22-23,2022-12-26,Crystal Palace,Fulham,A,H,0.33881985127730985,0.26960681233760614,0.39157333638508407,False,Away Win,Home Win
22-23,2022-12-26,Leicester,Newcastle,A,H,0.27688660356701367,0.2409685210333622,0.4821448753996241,False,Away Win,Home Win
22-23,2022-12-26,Everton,Wolves,A,H,0.2855649276909812,0.2611892093258434,0.4532458629831755,False,Away Win,Home Win
22-23,2022-12-26,Brentford,Tottenham,D,H,0.3391943073326606,0.242773505253822,0.41803218741351733,False,Draw,Home Win
22-23,2022-12-26,Southampton,Brighton,A,A,0.4479107544041064,0.24533304060114108,0.3067562049947526,True,Away Win,Away Win
22-23,2022-12-27,Man United,Nott'm Forest,H,H,0.20315321597766603,0.2412236573567041,0.55562312666563,True,Home Win,Home Win
22-23,2022-12-27,Chelsea,Bournemouth,H,A,0.44616818667894975,0.2546930133342504,0.29913879998679993,False,Home Win,Away Win
22-23,2022-12-28,Leeds,Man City,A,H,0.3303385022103061,0.24503044314942557,0.42463105464026835,False,Away Win,Home Win
22-23,2022-12-30,West Ham,Brentford,A,A,0.3799138801520797,0.2444141656482014,0.37567195419971877,True,Away Win,Away Win
22-23,2022-12-30,Liverpool,Leicester,H,H,0.2915713162205048,0.258604188574606,0.4498244952048893,True,Home Win,Home Win
22-23,2022-12-31,Newcastle,Leeds,D,H,0.084923430124474,0.15808632135407144,0.7569902485214546,False,Draw,Home Win
22-23,2022-12-31,Brighton,Arsenal,A,H,0.3629160276078037,0.24367259367265082,0.3934113787195454,False,Away Win,Home Win
22-23,2022-12-31,Wolves,Man United,A,A,0.47791094322723915,0.24015938598508255,0.28192967078767833,True,Away Win,Away Win
22-23,2022-12-31,Man City,Everton,D,H,0.1494327568554568,0.23927234703088943,0.6112948961136538,False,Draw,Home Win
22-23,2022-12-31,Fulham,Southampton,H,H,0.17356318019368644,0.23219471447523699,0.5942421053310766,True,Home Win,Home Win
22-23,2022-12-31,Bournemouth,Crystal Palace,A,H,0.29228533015802327,0.24431384254264518,0.4634008272993316,False,Away Win,Home Win
22-23,2023-01-01,Nott'm Forest,Chelsea,D,H,0.34205398044439106,0.27862966112634224,0.37931635842926675,False,Draw,Home Win
22-23,2023-01-01,Tottenham,Aston Villa,A,H,0.28594349365920474,0.22380781808912922,0.49024868825166606,False,Away Win,Home Win
22-23,2023-01-02,Brentford,Liverpool,H,H,0.30844799978491194,0.23449663924851485,0.4570553609665732,True,Home Win,Home Win
22-23,2023-01-03,Man United,Bournemouth,H,H,0.17286226217647033,0.2362397216008149,0.5908980162227148,True,Home Win,Home Win
22-23,2023-01-03,Everton,Brighton,A,A,0.550138027489567,0.21214924167890198,0.237712730831531,True,Away Win,Away Win
22-23,2023-01-03,Leicester,Fulham,A,A,0.3769923016611865,0.26812818639172226,0.35487951194709116,True,Away Win,Away Win
22-23,2023-01-03,Arsenal,Newcastle,D,H,0.1951676164301489,0.234492560247885,0.5703398233219661,False,Draw,Home Win
22-23,2023-01-04,Leeds,West Ham,D,H,0.18170983628827028,0.24588319275125053,0.5724069709604792,False,Draw,Home Win
22-23,2023-01-04,Crystal Palace,Tottenham,A,H,0.285751726179731,0.24069455784858276,0.47355371597168633,False,Away Win,Home Win
22-23,2023-01-04,Aston Villa,Wolves,D,H,0.23773326751713866,0.25865982349391736,0.503606908988944,False,Draw,Home Win
22-23,2023-01-04,Southampton,Nott'm Forest,A,A,0.4050626221510772,0.23808796093494783,0.35684941691397504,True,Away Win,Away Win
22-23,2023-01-05,Chelsea,Man City,A,A,0.4534783371855051,0.2457332592441341,0.3007884035703607,True,Away Win,Away Win
22-23,2023-01-12,Fulham,Chelsea,H,H,0.22681477573689796,0.27944866051592854,0.4937365637471734,True,Home Win,Home Win
22-23,2023-01-13,Aston Villa,Leeds,H,H,0.20393222936769337,0.22407306071347588,0.5719947099188307,True,Home Win,Home Win
22-23,2023-01-14,Wolves,West Ham,H,H,0.2835310448454858,0.2613709037083293,0.455098051446185,True,Home Win,Home Win
22-23,2023-01-14,Brighton,Liverpool,H,H,0.2576659454322351,0.21559634733237334,0.5267377072353915,True,Home Win,Home Win
22-23,2023-01-14,Everton,Southampton,A,A,0.37253548474676196,0.25684522779075597,0.370619287462482,True,Away Win,Away Win
22-23,2023-01-14,Man United,Man City,H,H,0.20731489901514935,0.23862966840277997,0.5540554325820707,True,Home Win,Home Win
22-23,2023-01-14,Brentford,Bournemouth,H,H,0.1344040992172677,0.21211237484880371,0.6534835259339286,True,Home Win,Home Win
22-23,2023-01-14,Nott'm Forest,Leicester,H,H,0.3003273876794241,0.27225047655416146,0.4274221357664144,True,Home Win,Home Win
22-23,2023-01-15,Chelsea,Crystal Palace,H,H,0.2964376717317884,0.25078467274468946,0.4527776555235222,True,Home Win,Home Win
22-23,2023-01-15,Newcastle,Fulham,H,H,0.25040882108253204,0.24526945590172447,0.5043217230157435,True,Home Win,Home Win
22-23,2023-01-15,Tottenham,Arsenal,A,H,0.35672635523172064,0.23790671203139735,0.40536693273688196,False,Away Win,Home Win
22-23,2023-01-18,Crystal Palace,Man United,D,A,0.6298988215674092,0.20229470887488432,0.1678064695577065,False,Draw,Away Win
22-23,2023-01-19,Man City,Tottenham,H,H,0.3144822898081141,0.24431625089837192,0.441201459293514,True,Home Win,Home Win
22-23,2023-01-21,Crystal Palace,Newcastle,D,A,0.5182700029520844,0.2547333990151021,0.22699659803281355,False,Draw,Away Win
22-23,2023-01-21,West Ham,Everton,H,H,0.36605368766436713,0.25739554326253333,0.37655076907309964,True,Home Win,Home Win
22-23,2023-01-21,Liverpool,Chelsea,D,H,0.2732479682944435,0.2677022577614423,0.45904977394411417,False,Draw,Home Win
22-23,2023-01-21,Leicester,Brighton,D,A,0.5476628156357242,0.22007407792221645,0.23226310644205928,False,Draw,Away Win
22-23,2023-01-21,Southampton,Aston Villa,A,A,0.4643905566944064,0.2359885588199964,0.2996208844855973,True,Away Win,Away Win
22-23,2023-01-21,Bournemouth,Nott'm Forest,D,A,0.46962768040063874,0.24901059789020002,0.28136172170916113,False,Draw,Away Win
22-23,2023-01-22,Arsenal,Man United,H,H,0.2372551549441266,0.24503557633492412,0.5177092687209492,True,Home Win,Home Win
22-23,2023-01-22,Man City,Wolves,H,H,0.1924361745318107,0.24644067300541017,0.5611231524627791,True,Home Win,Home Win
22-23,2023-01-22,Leeds,Brentford,D,A,0.5379843289473352,0.2146245567269695,0.24739111432569533,False,Draw,Away Win
22-23,2023-01-23,Fulham,Tottenham,A,H,0.17580351109928835,0.23758137403417354,0.5866151148665381,False,Away Win,Home Win
22-23,2023-02-03,Chelsea,Fulham,D,A,0.38636595501518545,0.26643347514239746,0.34720056984241704,False,Draw,Away Win
22-23,2023-02-04,Everton,Arsenal,H,A,0.6144772033380383,0.1971082141940097,0.18841458246795187,False,Home Win,Away Win
22-23,2023-02-04,Brentford,Southampton,H,H,0.14764752568091402,0.23861859178868197,0.613733882530404,True,Home Win,Home Win
22-23,2023-02-04,Man United,Crystal Palace,H,H,0.177009452433854,0.24903103414047045,0.5739595134256756,True,Home Win,Home Win
22-23,2023-02-04,Newcastle,West Ham,D,H,0.224840175159384,0.26643439440905864,0.5087254304315574,False,Draw,Home Win
22-23,2023-02-04,Aston Villa,Leicester,A,H,0.16398271027663106,0.247944886950578,0.5880724027727909,False,Away Win,Home Win
22-23,2023-02-04,Brighton,Bournemouth,H,H,0.08888105169407,0.19112735196588704,0.719991596340043,True,Home Win,Home Win
22-23,2023-02-04,Wolves,Liverpool,H,H,0.31742225005477903,0.2576772473029031,0.4249005026423179,True,Home Win,Home Win
22-23,2023-02-05,Tottenham,Man City,H,A,0.4122419800535556,0.2466190598660834,0.3411389600803611,False,Home Win,Away Win
22-23,2023-02-05,Nott'm Forest,Leeds,H,H,0.26304599882913426,0.27915501497166745,0.45779898619919834,True,Home Win,Home Win
22-23,2023-02-08,Man United,Leeds,D,H,0.1841860649197918,0.2647152042933309,0.5510987307868773,False,Draw,Home Win
22-23,2023-02-11,Leicester,Tottenham,H,A,0.3976911215883976,0.24416291077523453,0.35814596763636797,False,Home Win,Away Win
22-23,2023-02-11,Arsenal,Brentford,D,H,0.3457514898874816,0.25820562479798737,0.3960428853145311,False,Draw,Home Win
22-23,2023-02-11,West Ham,Chelsea,D,H,0.33299107416193907,0.28924027422794735,0.3777686516101137,False,Draw,Home Win
22-23,2023-02-11,Crystal Palace,Brighton,D,A,0.5781680685779577,0.2138410463195014,0.20799088510254093,False,Draw,Away Win
22-23,2023-02-11,Southampton,Wolves,A,A,0.4439597593177897,0.2611445762586283,0.294895664423582,True,Away Win,Away Win
22-23,2023-02-11,Fulham,Nott'm Forest,H,A,0.3969586650861382,0.2698699088764441,0.33317142603741773,False,Home Win,Away Win
22-23,2023-02-11,Bournemouth,Newcastle,D,A,0.5286534126018457,0.26349415326650155,0.2078524341316526,False,Draw,Away Win
22-23,2023-02-12,Leeds,Man United,A,A,0.4178089332940903,0.2401350911863488,0.3420559755195608,True,Away Win,Away Win
22-23,2023-02-12,Man City,Aston Villa,H,H,0.2511471365817935,0.23865376943823233,0.5101990939799742,True,Home Win,Home Win
22-23,2023-02-13,Liverpool,Everton,H,A,0.37051412236878795,0.26394267058634824,0.36554320704486387,False,Home Win,Away Win
22-23,2023-02-15,Arsenal,Man City,A,H,0.36390029951584374,0.2546097715503645,0.3814899289337917,False,Away Win,Home Win
22-23,2023-02-18,Wolves,Bournemouth,A,H,0.17275896694208037,0.25731824288929395,0.5699227901686257,False,Away Win,Home Win
22-23,2023-02-18,Brighton,Fulham,A,H,0.17759601539700892,0.2521071952930514,0.5702967893099397,False,Away Win,Home Win
22-23,2023-02-18,Aston Villa,Arsenal,A,H,0.3240235114651892,0.25559992279075433,0.4203765657440564,False,Away Win,Home Win
22-23,2023-02-18,Newcastle,Liverpool,A,H,0.23694846580548035,0.2621806893647264,0.5008708448297933,False,Away Win,Home Win
22-23,2023-02-18,Brentford,Crystal Palace,D,H,0.1606765163186425,0.2608557111886255,0.5784677724927321,False,Draw,Home Win
22-23,2023-02-18,Everton,Leeds,H,A,0.39921766477294596,0.2800681439097256,0.3207141913173284,False,Home Win,Away Win
22-23,2023-02-18,Chelsea,Southampton,A,H,0.27247453502233493,0.27590407960694313,0.4516213853707219,False,Away Win,Home Win
22-23,2023-02-18,Nott'm Forest,Man City,D,A,0.3965185285200073,0.2498076088315465,0.3536738626484462,False,Draw,Away Win
22-23,2023-02-19,Man United,Leicester,H,H,0.28949775935032135,0.24490571157291882,0.4655965290767598,True,Home Win,Home Win
22-23,2023-02-19,Tottenham,West Ham,H,A,0.40265662311380435,0.2712145305278764,0.3261288463583192,False,Home Win,Away Win
22-23,2023-02-24,Fulham,Wolves,D,H,0.34011147911500206,0.2664604566078384,0.39342806427715965,False,Draw,Home Win
22-23,2023-02-25,Bournemouth,Man City,A,A,0.49206529214060324,0.24755754001904193,0.2603771678403547,True,Away Win,Away Win
22-23,2023-02-25,Leicester,Arsenal,A,H,0.2806868847344142,0.23498642024912275,0.48432669501646297,False,Away Win,Home Win
22-23,2023-02-25,Everton,Aston Villa,A,H,0.323251472105553,0.24224440352248447,0.4345041243719626,False,Away Win,Home Win
22-23,2023-02-25,Crystal Palace,Liverpool,D,H,0.34225461117662453,0.2631584319041131,0.3945869569192624,False,Draw,Home Win
22-23,2023-02-25,Leeds,Southampton,H,A,0.40550471675836797,0.26093793078830824,0.3335573524533237,False,Home Win,Away Win
22-23,2023-02-25,West Ham,Nott'm Forest,H,A,0.3780133717810105,0.2693304866881766,0.3526561415308129,False,Home Win,Away Win
22-23,2023-02-26,Tottenham,Chelsea,H,H,0.2800982123233081,0.2907665380811026,0.42913524959558924,True,Home Win,Home Win
22-23,2023-03-01,Liverpool,Wolves,H,H,0.30497142026218566,0.26972313954498583,0.42530544019282857,True,Home Win,Home Win
22-23,2023-03-01,Arsenal,Everton,H,H,0.23821071251785875,0.25864049961525853,0.5031487878668828,True,Home Win,Home Win
22-23,2023-03-04,Arsenal,Bournemouth,H,H,0.15856278032365737,0.23180857037328728,0.6096286493030554,True,Home Win,Home Win
22-23,2023-03-04,Brighton,West Ham,H,H,0.3228223982027822,0.2681351983374513,0.40904240345976656,True,Home Win,Home Win
22-23,2023-03-04,Wolves,Tottenham,H,H,0.34358437219296756,0.24977162925513197,0.4066439985519005,True,Home Win,Home Win
22-23,2023-03-04,Man City,Newcastle,H,H,0.17132753748005877,0.24776663713236838,0.5809058253875728,True,Home Win,Home Win
22-23,2023-03-04,Aston Villa,Crystal Palace,H,H,0.3176827955741331,0.28287184598577075,0.3994453584400961,True,Home Win,Home Win
22-23,2023-03-04,Chelsea,Leeds,H,A,0.38860000297707825,0.2813554092923798,0.33004458773054196,False,Home Win,Away Win
22-23,2023-03-04,Southampton,Leicester,H,A,0.4841793740778233,0.23802731255530427,0.2777933133668725,False,Home Win,Away Win
22-23,2023-03-05,Nott'm Forest,Everton,D,H,0.313784530565647,0.2618851554689934,0.4243303139653597,False,Draw,Home Win
22-23,2023-03-05,Liverpool,Man United,H,H,0.32523769670962394,0.2536141128526425,0.42114819043773344,True,Home Win,Home Win
22-23,2023-03-06,Brentford,Fulham,H,H,0.25429114112429274,0.27668686984722796,0.46902198902847925,True,Home Win,Home Win
22-23,2023-03-11,Everton,Brentford,H,A,0.5240073631486127,0.24385654208976998,0.23213609476161723,False,Home Win,Away Win
22-23,2023-03-11,Tottenham,Nott'm Forest,H,H,0.206912218631428,0.24691289738549937,0.5461748839830727,True,Home Win,Home Win
22-23,2023-03-11,Leicester,Chelsea,A,H,0.27074249466005323,0.27485117682479737,0.45440632851514945,False,Away Win,Home Win
22-23,2023-03-11,Crystal Palace,Man City,A,A,0.5760231230444217,0.21458716768763267,0.20938970926794553,True,Away Win,Away Win
22-23,2023-03-11,Leeds,Brighton,D,A,0.4801889225185647,0.25678677114270476,0.26302430633873053,False,Draw,Away Win
22-23,2023-03-11,Bournemouth,Liverpool,H,A,0.6245435978611877,0.21313076322336463,0.16232563891544766,False,Home Win,Away Win
22-23,2023-03-12,Fulham,Arsenal,A,H,0.3814861383714498,0.23506953979506748,0.38344432183348265,False,Away Win,Home Win
22-23,2023-03-12,West Ham,Aston Villa,D,H,0.31457163783416786,0.23800950694000692,0.44741885522582514,False,Draw,Home Win
22-23,2023-03-12,Newcastle,Wolves,H,A,0.4231179710567968,0.2662440505549002,0.31063797838830287,False,Home Win,Away Win
22-23,2023-03-12,Man United,Southampton,D,H,0.21446431229506577,0.25458235112773697,0.5309533365771972,False,Draw,Home Win
22-23,2023-03-15,Brighton,Crystal Palace,H,H,0.2157955891758387,0.28052507380547825,0.503679337018683,True,Home Win,Home Win
22-23,2023-03-15,Southampton,Brentford,A,A,0.38845920626173125,0.26908254029160616,0.3424582534466626,True,Away Win,Away Win
22-23,2023-03-17,Nott'm Forest,Newcastle,A,A,0.432002346850312,0.2582502508575893,0.3097474022920986,True,Away Win,Away Win
22-23,2023-03-18,Southampton,Tottenham,D,A,0.39163225262021883,0.26146622758156357,0.34690151979821765,False,Draw,Away Win
22-23,2023-03-18,Wolves,Leeds,A,H,0.357051427746733,0.2803278543002468,0.36262071795302026,False,Away Win,Home Win
22-23,2023-03-18,Aston Villa,Bournemouth,H,H,0.28116481131017523,0.2479350487419914,0.4709001399478333,True,Home Win,Home Win
22-23,2023-03-18,Brentford,Leicester,D,H,0.21817742700915657,0.2548712043181284,0.5269513686727151,False,Draw,Home Win
22-23,2023-03-18,Chelsea,Everton,D,H,0.25575930111013806,0.2502362377943843,0.49400446109547763,False,Draw,Home Win
22-23,2023-03-19,Arsenal,Crystal Palace,H,H,0.07892619081781437,0.21324576716473584,0.7078280420174498,True,Home Win,Home Win
22-23,2023-04-01,Arsenal,Leeds,H,H,0.09979219270973583,0.19668664840663166,0.7035211588836324,True,Home Win,Home Win
22-23,2023-04-01,Brighton,Brentford,D,H,0.2722000743187308,0.2571444564759936,0.47065546920527557,False,Draw,Home Win
22-23,2023-04-01,Crystal Palace,Leicester,H,A,0.38468507969470683,0.2770040966539279,0.33831082365136533,False,Home Win,Away Win
22-23,2023-04-01,Man City,Liverpool,H,H,0.2707110142050192,0.2701432844581948,0.459145701336786,True,Home Win,Home Win
22-23,2023-04-01,Chelsea,Aston Villa,A,A,0.3774751176945246,0.25305493347969094,0.3694699488257844,True,Away Win,Away Win
22-23,2023-04-01,Nott'm Forest,Wolves,D,A,0.3984771809530305,0.25375317323770696,0.34776964580926256,False,Draw,Away Win
22-23,2023-04-01,Bournemouth,Fulham,H,H,0.3694758132998796,0.2585194142262542,0.37200477247386615,True,Home Win,Home Win
22-23,2023-04-02,Newcastle,Man United,H,H,0.3091278151568613,0.24470302153082077,0.44616916331231804,True,Home Win,Home Win
22-23,2023-04-02,West Ham,Southampton,H,H,0.3237292946999266,0.2698842654108006,0.40638643988927287,True,Home Win,Home Win
22-23,2023-04-03,Everton,Tottenham,D,A,0.49086586895802137,0.23931679679940862,0.26981733424257,False,Draw,Away Win
22-23,2023-04-04,Chelsea,Liverpool,D,A,0.41006716460518505,0.26450976095959594,0.325423074435219,False,Draw,Away Win
22-23,2023-04-04,Leicester,Aston Villa,A,A,0.6070980275432876,0.21501545527928057,0.17788651717743176,True,Away Win,Away Win
22-23,2023-04-04,Leeds,Nott'm Forest,H,H,0.20845781586698012,0.237193578623441,0.5543486055095789,True,Home Win,Home Win
22-23,2023-04-04,Bournemouth,Brighton,A,A,0.4518639708994026,0.2486941939686468,0.2994418351319506,True,Away Win,Away Win
22-23,2023-04-05,West Ham,Newcastle,A,H,0.31824948029609457,0.25354926899441294,0.42820125070949244,False,Away Win,Home Win
22-23,2023-04-05,Man United,Brentford,H,A,0.40007707501399553,0.2534307954525725,0.34649212953343206,False,Home Win,Away Win
22-23,2023-04-08,Man United,Everton,H,H,0.3340139721522413,0.2577690029347751,0.4082170249129835,True,Home Win,Home Win
22-23,2023-04-08,Brentford,Newcastle,A,A,0.4424115806883939,0.2353491077480086,0.3222393115635975,True,Away Win,Away Win
22-23,2023-04-08,Leicester,Bournemouth,A,A,0.397801083536793,0.24517301426193883,0.35702590220126823,True,Away Win,Away Win
22-23,2023-04-08,Tottenham,Brighton,H,H,0.3576776390333517,0.24321220131328863,0.3991101596533596,True,Home Win,Home Win
22-23,2023-04-08,Wolves,Chelsea,H,A,0.4183057567281155,0.25679427377262404,0.32489996949926053,False,Home Win,Away Win
22-23,2023-04-08,Aston Villa,Nott'm Forest,H,H,0.1293777096739529,0.22764610439222588,0.6429761859338212,True,Home Win,Home Win
22-23,2023-04-08,Fulham,West Ham,A,H,0.3553436854113923,0.2399299197202111,0.40472639486839657,False,Away Win,Home Win
22-23,2023-04-08,Southampton,Man City,A,A,0.5357280313970537,0.22893767542256574,0.23533429318038057,True,Away Win,Away Win
22-23,2023-04-09,Leeds,Crystal Palace,A,H,0.2233618641529204,0.2548167362012267,0.521821399645853,False,Away Win,Home Win
22-23,2023-04-09,Liverpool,Arsenal,D,A,0.46862154713709236,0.21825054041190003,0.3131279124510076,False,Draw,Away Win
22-23,2023-04-15,Tottenham,Bournemouth,A,H,0.22059982252052968,0.23690986940243322,0.5424903080770371,False,Away Win,Home Win
22-23,2023-04-15,Chelsea,Brighton,A,A,0.39491860813955526,0.2501163483614819,0.3549650434989629,True,Away Win,Away Win
22-23,2023-04-15,Everton,Fulham,A,H,0.2475761361984222,0.26390537662702446,0.4885184871745533,False,Away Win,Home Win
22-23,2023-04-15,Man City,Leicester,H,H,0.06577646990503712,0.18103430848363283,0.7531892216113301,True,Home Win,Home Win
22-23,2023-04-15,Aston Villa,Newcastle,H,H,0.26104162678828596,0.23065537844429257,0.5083029947674215,True,Home Win,Home Win
22-23,2023-04-15,Wolves,Brentford,H,H,0.3248244776543938,0.26786258475844527,0.4073129375871609,True,Home Win,Home Win
22-23,2023-04-15,Southampton,Crystal Palace,A,A,0.46944425769904635,0.24346439721252194,0.2870913450884316,True,Away Win,Away Win
22-23,2023-04-16,Nott'm Forest,Man United,A,H,0.36970600855307506,0.24226688591845238,0.3880271055284727,False,Away Win,Home Win
22-23,2023-04-16,West Ham,Arsenal,D,A,0.5792868942692202,0.20973828211876425,0.21097482361201547,False,Draw,Away Win
22-23,2023-04-17,Leeds,Liverpool,A,A,0.37494301882148395,0.2569753469260702,0.3680816342524459,True,Away Win,Away Win
22-23,2023-04-21,Arsenal,Southampton,D,H,0.07595032079326589,0.17143214263987408,0.75261753656686,False,Draw,Home Win
22-23,2023-04-22,Crystal Palace,Everton,D,H,0.18905694576363513,0.23726970586310986,0.573673348373255,False,Draw,Home Win
22-23,2023-04-22,Brentford,Aston Villa,D,A,0.6197275036493711,0.20255817112489274,0.17771432522573605,False,Draw,Away Win
22-23,2023-04-22,Liverpool,Nott'm Forest,H,H,0.21688345705774387,0.2540472023705196,0.5290693405717366,True,Home Win,Home Win
22-23,2023-04-22,Leicester,Wolves,H,A,0.46906277445270805,0.24233171690627878,0.28860550864101314,False,Home Win,Away Win
22-23,2023-04-22,Fulham,Leeds,H,H,0.2660777904610888,0.19704896087663984,0.5368732486622714,True,Home Win,Home Win
22-23,2023-04-23,Bournemouth,West Ham,A,H,0.27380655873799264,0.248630361946713,0.4775630793152944,False,Away Win,Home Win
22-23,2023-04-23,Newcastle,Tottenham,H,H,0.20136029841491437,0.22327544732404753,0.5753642542610381,True,Home Win,Home Win
22-23,2023-04-25,Aston Villa,Fulham,H,H,0.13253365171861786,0.2181283159855725,0.6493380322958097,True,Home Win,Home Win
22-23,2023-04-25,Leeds,Leicester,D,A,0.43147690778132064,0.2548142334624067,0.31370885875627263,False,Draw,Away Win
22-23,2023-04-25,Wolves,Crystal Palace,H,H,0.37032484893160955,0.2458409892612342,0.38383416180715624,True,Home Win,Home Win
22-23,2023-04-26,West Ham,Liverpool,A,H,0.2819751504728889,0.23773677354077363,0.48028807598633744,False,Away Win,Home Win
22-23,2023-04-26,Man City,Arsenal,H,H,0.15865429920389412,0.20357391598808047,0.6377717848080254,True,Home Win,Home Win
22-23,2023-04-26,Chelsea,Brentford,A,A,0.38589056986326986,0.26858752842230127,0.3455219017144289,True,Away Win,Away Win
22-23,2023-04-26,Nott'm Forest,Brighton,H,A,0.5335162693383984,0.22311058228217687,0.24337314837942478,False,Home Win,Away Win
22-23,2023-04-27,Southampton,Bournemouth,A,H,0.38144447381795976,0.22755833298793182,0.3909971931941084,False,Away Win,Home Win
22-23,2023-04-27,Everton,Newcastle,A,A,0.5951390698426993,0.20398963730457118,0.2008712928527295,True,Away Win,Away Win
22-23,2023-04-27,Tottenham,Man United,D,A,0.40624395104965916,0.25635268073873085,0.33740336821160993,False,Draw,Away Win
22-23,2023-04-29,Brentford,Nott'm Forest,H,H,0.3297256830916477,0.2612279052228105,0.4090464116855418,True,Home Win,Home Win
22-23,2023-04-29,Crystal Palace,West Ham,H,H,0.2095652313103868,0.23133869145521288,0.5590960772344004,True,Home Win,Home Win
22-23,2023-04-29,Brighton,Wolves,H,H,0.34513538948172384,0.2572503795423909,0.3976142309758854,True,Home Win,Home Win
22-23,2023-04-30,Man United,Aston Villa,H,H,0.3404210861773733,0.2580823662512042,0.4014965475714225,True,Home Win,Home Win
22-23,2023-04-30,Liverpool,Tottenham,H,H,0.11187256708357145,0.17858406790308107,0.7095433650133476,True,Home Win,Home Win
22-23,2023-04-30,Newcastle,Southampton,H,H,0.0674872208732641,0.16587530309047616,0.7666374760362598,True,Home Win,Home Win
22-23,2023-04-30,Bournemouth,Leeds,H,H,0.1990738315399255,0.220885918327132,0.5800402501329426,True,Home Win,Home Win
22-23,2023-04-30,Fulham,Man City,A,A,0.5399336263995789,0.21375222643235842,0.24631414716806274,True,Away Win,Away Win
22-23,2023-05-01,Leicester,Everton,D,H,0.2805710120190663,0.2616845204245409,0.4577444675563928,False,Draw,Home Win
22-23,2023-05-02,Arsenal,Chelsea,H,H,0.19144341596595074,0.25323237534053733,0.555324208693512,True,Home Win,Home Win
22-23,2023-05-03,Man City,West Ham,H,H,0.10829983000538812,0.1879587210850465,0.7037414489095652,True,Home Win,Home Win
22-23,2023-05-03,Liverpool,Fulham,H,H,0.11521691389962907,0.2028769096464526,0.6819061764539184,True,Home Win,Home Win
22-23,2023-05-04,Brighton,Man United,H,H,0.2617503456717132,0.23911986824919196,0.49912978607909475,True,Home Win,Home Win
22-23,2023-05-06,Wolves,Aston Villa,H,A,0.3828850960897594,0.2721527846060793,0.3449621193041612,False,Home Win,Away Win
22-23,2023-05-06,Man City,Leeds,H,H,0.03193529030275886,0.1077834317480036,0.8602812779492375,True,Home Win,Home Win
22-23,2023-05-06,Liverpool,Brentford,H,H,0.10157920444618221,0.1959273573898196,0.7024934381639982,True,Home Win,Home Win
22-23,2023-05-06,Tottenham,Crystal Palace,H,A,0.4717054603627676,0.22587018249436655,0.30242435714286586,False,Home Win,Away Win
22-23,2023-05-06,Bournemouth,Chelsea,A,H,0.14568402702971453,0.2503100952479009,0.6040058777223846,False,Away Win,Home Win
22-23,2023-05-07,Newcastle,Arsenal,A,H,0.12541121620864604,0.18267129857239245,0.6919174852189615,False,Away Win,Home Win
22-23,2023-05-07,West Ham,Man United,H,A,0.3879383846975604,0.24814295686995677,0.3639186584324828,False,Home Win,Away Win
22-23,2023-05-08,Brighton,Everton,A,H,0.12988732448809442,0.2112487627499647,0.6588639127619408,False,Away Win,Home Win
22-23,2023-05-08,Fulham,Leicester,H,H,0.29475336050799694,0.25938437771866224,0.44586226177334076,True,Home Win,Home Win
22-23,2023-05-08,Nott'm Forest,Southampton,H,H,0.28372406510825376,0.2462136922276698,0.4700622426640764,True,Home Win,Home Win
22-23,2023-05-13,Southampton,Fulham,A,A,0.4552830628542754,0.23739954887140136,0.30731738827432314,True,Away Win,Away Win
22-23,2023-05-13,Leeds,Newcastle,D,A,0.6115859032647534,0.19864686626664482,0.18976723046860178,False,Draw,Away Win
22-23,2023-05-13,Crystal Palace,Bournemouth,H,H,0.29751014965538175,0.2314937891198741,0.4709960612247442,True,Home Win,Home Win
22-23,2023-05-13,Aston Villa,Tottenham,H,H,0.2206152064518905,0.22153803458842566,0.5578467589596838,True,Home Win,Home Win
22-23,2023-05-13,Man United,Wolves,H,H,0.2760659707703248,0.24257918827535863,0.48135484095431663,True,Home Win,Home Win
22-23,2023-05-13,Chelsea,Nott'm Forest,D,A,0.4110510875323586,0.23515187419806735,0.3537970382695741,False,Draw,Away Win
22-23,2023-05-14,Everton,Man City,A,A,0.49799345343516765,0.21401988828135046,0.28798665828348186,True,Away Win,Away Win
22-23,2023-05-14,Brentford,West Ham,H,H,0.3263977621797339,0.25451903256182523,0.41908320525844095,True,Home Win,Home Win
22-23,2023-05-14,Arsenal,Brighton,A,H,0.280631632988499,0.22488276842399055,0.49448559858751046,False,Away Win,Home Win
22-23,2023-05-15,Leicester,Liverpool,A,A,0.4264092338657059,0.21356413690490955,0.3600266292293846,True,Away Win,Away Win
22-23,2023-05-18,Newcastle,Brighton,H,H,0.1933163252433798,0.20865244424980903,0.5980312305068112,True,Home Win,Home Win
22-23,2023-05-20,Tottenham,Brentford,A,A,0.4631841166750141,0.24523335184230735,0.29158253148267843,True,Away Win,Away Win
22-23,2023-05-20,Liverpool,Aston Villa,D,H,0.13496897783788267,0.23696040981661493,0.6280706123455023,False,Draw,Home Win
22-23,2023-05-20,Wolves,Everton,D,A,0.38012786183318503,0.25430745697641366,0.3655646811904013,False,Draw,Away Win
22-23,2023-05-20,Nott'm Forest,Arsenal,H,H,0.22541189430835282,0.21254025293983386,0.5620478527518132,True,Home Win,Home Win
22-23,2023-05-20,Fulham,Crystal Palace,D,H,0.29549893407501293,0.2552095502743575,0.4492915156506296,False,Draw,Home Win
22-23,2023-05-20,Bournemouth,Man United,A,A,0.37922845359616913,0.27119638537013424,0.34957516103369674,True,Away Win,Away Win
22-23,2023-05-21,Brighton,Southampton,H,H,0.14951694475636038,0.21202001734403575,0.6384630378996038,True,Home Win,Home Win
22-23,2023-05-21,West Ham,Leeds,H,H,0.361600812499922,0.2564709898417173,0.3819281976583607,True,Home Win,Home Win
22-23,2023-05-21,Man City,Chelsea,H,H,0.08279224871028909,0.18122241681206955,0.7359853344776414,True,Home Win,Home Win
22-23,2023-05-22,Newcastle,Leicester,D,H,0.13329233212653724,0.19174641644348445,0.6749612514299783,False,Draw,Home Win
22-23,2023-05-24,Brighton,Man City,D,A,0.41491932434023654,0.23920324805017562,0.34587742760958784,False,Draw,Away Win
22-23,2023-05-25,Man United,Chelsea,H,H,0.24364823529912905,0.2641667028318129,0.4921850618690582,True,Home Win,Home Win
22-23,2023-05-28,Man United,Fulham,H,H,0.27480721441185435,0.2502542148934693,0.47493857069467627,True,Home Win,Home Win
22-23,2023-05-28,Brentford,Man City,H,H,0.28395600173703583,0.2542383115554799,0.46180568670748434,True,Home Win,Home Win
22-23,2023-05-28,Everton,Bournemouth,H,H,0.3155889991264292,0.25166637041851797,0.4327446304550529,True,Home Win,Home Win
22-23,2023-05-28,Chelsea,Newcastle,D,A,0.4405176878968061,0.24466523869052048,0.31481707341267345,False,Draw,Away Win
22-23,2023-05-28,Leicester,West Ham,H,H,0.3719122514531625,0.2401449286942935,0.38794281985254403,True,Home Win,Home Win
22-23,2023-05-28,Arsenal,Wolves,H,H,0.27297780532474464,0.24284323475412084,0.4841789599211346,True,Home Win,Home Win
22-23,2023-05-28,Leeds,Tottenham,A,A,0.4017717028497426,0.24100430510913157,0.35722399204112576,True,Away Win,Away Win
22-23,2023-05-28,Aston Villa,Brighton,H,H,0.30247278533159266,0.24081439561885332,0.456712819049554,True,Home Win,Home Win
22-23,2023-05-28,Crystal Palace,Nott'm Forest,D,H,0.3462707376783776,0.23379645689204442,0.4199328054295779,False,Draw,Home Win
22-23,2023-05-28,Southampton,Liverpool,D,A,0.6088851550019312,0.1994237325516774,0.1916911124463915,False,Draw,Away Win
23-24,2023-08-11,Burnley,Man City,A,A,0.45767094562089894,0.2524189961165499,0.28991005826255123,True,Away Win,Away Win
23-24,2023-08-12,Newcastle,Aston Villa,H,H,0.30229860956715354,0.26365268113355234,0.43404870929929423,True,Home Win,Home Win
23-24,2023-08-12,Everton,Fulham,A,H,0.28949775935032135,0.24490571157291882,0.4655965290767598,False,Away Win,Home Win
23-24,2023-08-12,Arsenal,Nott'm Forest,H,H,0.22439384853604555,0.23066771537432906,0.5449384360896253,True,Home Win,Home Win
23-24,2023-08-12,Bournemouth,West Ham,D,H,0.355114633173629,0.25308016544950984,0.3918052013768611,False,Draw,Home Win
23-24,2023-08-13,Chelsea,Liverpool,D,A,0.4369540183324742,0.2382519442110705,0.32479403745645524,False,Draw,Away Win
23-24,2023-08-13,Brentford,Tottenham,D,H,0.19918770120740276,0.23439535130373246,0.5664169474888648,False,Draw,Home Win
23-24,2023-08-14,Man United,Wolves,H,H,0.07572057542420345,0.16502453956823304,0.7592548850075636,True,Home Win,Home Win
23-24,2023-08-18,Nott'm Forest,Sheffield United,H,H,0.2235559079149123,0.2480307027145323,0.5284133893705554,True,Home Win,Home Win
23-24,2023-08-19,Fulham,Brentford,A,H,0.25210785718770984,0.2462623358210375,0.5016298069912526,False,Away Win,Home Win
23-24,2023-08-19,Liverpool,Bournemouth,H,H,0.15082519178947834,0.2439909868187358,0.605183821391786,True,Home Win,Home Win
23-24,2023-08-19,Tottenham,Man United,H,A,0.4015105421163334,0.23679123510531203,0.3616982227783546,False,Home Win,Away Win
23-24,2023-08-19,Wolves,Brighton,A,A,0.4922904313163824,0.23832652949424465,0.26938303918937306,True,Away Win,Away Win
23-24,2023-08-19,Man City,Newcastle,H,H,0.31098276747731535,0.2580427003405699,0.4309745321821146,True,Home Win,Home Win
23-24,2023-08-20,Aston Villa,Everton,H,H,0.35964447248913833,0.26322406444204544,0.3771314630688163,True,Home Win,Home Win
23-24,2023-08-20,West Ham,Chelsea,H,H,0.25424502857239,0.26196657176217397,0.48378839966543613,True,Home Win,Home Win
23-24,2023-08-21,Crystal Palace,Arsenal,A,H,0.3433039637911479,0.2604349531848316,0.3962610830240205,False,Away Win,Home Win
23-24,2023-08-25,Chelsea,Luton,H,H,0.316325069627431,0.1321672945013128,0.5515076358712563,True,Home Win,Home Win
23-24,2023-08-26,Everton,Wolves,A,H,0.2847535815503757,0.25874487587384454,0.4565015425757798,False,Away Win,Home Win
23-24,2023-08-26,Man United,Nott'm Forest,H,H,0.2139484618142708,0.24997000873058137,0.5360815294551479,True,Home Win,Home Win
23-24,2023-08-26,Brentford,Crystal Palace,D,H,0.1649722909747203,0.24072163032585692,0.5943060786994229,False,Draw,Home Win
23-24,2023-08-26,Arsenal,Fulham,D,H,0.2275387206017395,0.24680595809090683,0.5256553213073537,False,Draw,Home Win
23-24,2023-08-26,Brighton,West Ham,A,H,0.17744649792001332,0.22336560094859262,0.5991879011313941,False,Away Win,Home Win
23-24,2023-08-26,Bournemouth,Tottenham,A,A,0.54026007045751,0.22848376246781696,0.23125616707467309,True,Away Win,Away Win
23-24,2023-08-27,Sheffield United,Man City,A,A,0.5024840711050069,0.27546699452010187,0.22204893437489112,True,Away Win,Away Win
23-24,2023-08-27,Newcastle,Liverpool,A,H,0.28764046135406895,0.2375125945431262,0.4748469441028048,False,Away Win,Home Win
23-24,2023-08-27,Burnley,Aston Villa,A,A,0.5407423358692659,0.21541766348871633,0.2438400006420178,True,Away Win,Away Win
23-24,2023-09-01,Luton,West Ham,A,A,0.5291918405782665,0.3032222961839548,0.1675858632377787,True,Away Win,Away Win
23-24,2023-09-02,Sheffield United,Everton,D,A,0.3635122307876407,0.2884092282760903,0.34807854093626905,False,Draw,Away Win
23-24,2023-09-02,Burnley,Tottenham,A,A,0.5907606639917504,0.21140939336480716,0.1978299426434425,True,Away Win,Away Win
23-24,2023-09-02,Brentford,Bournemouth,D,H,0.1243113445651965,0.23474331551117228,0.6409453399236312,False,Draw,Home Win
23-24,2023-09-02,Chelsea,Nott'm Forest,A,H,0.35066633753006765,0.2520787474910103,0.39725491497892207,False,Away Win,Home Win
23-24,2023-09-02,Brighton,Newcastle,H,H,0.2723977376703532,0.26270381592287595,0.46489844640677086,True,Home Win,Home Win
23-24,2023-09-02,Man City,Fulham,H,H,0.1934132004155097,0.2423527958781763,0.564234003706314,True,Home Win,Home Win
23-24,2023-09-03,Crystal Palace,Wolves,H,H,0.21448895221605344,0.2398743956957895,0.5456366520881571,True,Home Win,Home Win
23-24,2023-09-03,Arsenal,Man United,H,H,0.24180505995536433,0.22684260682675708,0.5313523332178787,True,Home Win,Home Win
23-24,2023-09-03,Liverpool,Aston Villa,H,H,0.2627509227160021,0.2249506266109004,0.5122984506730975,True,Home Win,Home Win
23-24,2023-09-16,Tottenham,Sheffield United,H,H,0.09234357639173647,0.19506908856935293,0.7125873350389106,True,Home Win,Home Win
23-24,2023-09-16,Newcastle,Brentford,H,A,0.40168419931299115,0.2462592648776744,0.35205653580933444,False,Home Win,Away Win
23-24,2023-09-16,Man United,Brighton,A,H,0.37804981024879997,0.2434085476096138,0.37854164214158614,False,Away Win,Home Win
23-24,2023-09-16,West Ham,Man City,A,H,0.3238788207873424,0.2498143033657766,0.42630687584688093,False,Away Win,Home Win
23-24,2023-09-16,Wolves,Liverpool,A,A,0.5969289638913338,0.20362572489299427,0.19944531121567188,True,Away Win,Away Win
23-24,2023-09-16,Aston Villa,Crystal Palace,H,H,0.2654815901308619,0.25362499045728354,0.48089341941185454,True,Home Win,Home Win
23-24,2023-09-16,Fulham,Luton,H,H,0.28982619109390345,0.20336735292031474,0.5068064559857818,True,Home Win,Home Win
23-24,2023-09-17,Bournemouth,Chelsea,D,A,0.4530229641333702,0.25977443094079183,0.287202604925838,False,Draw,Away Win
23-24,2023-09-17,Everton,Arsenal,A,A,0.5941805033374306,0.21134522805510214,0.1944742686074672,True,Away Win,Away Win
23-24,2023-09-18,Nott'm Forest,Burnley,D,H,0.1841353974349337,0.22752555544825784,0.5883390471168085,False,Draw,Home Win
23-24,2023-09-23,Luton,Wolves,D,A,0.41801471811918495,0.2693583348380067,0.3126269470428083,False,Draw,Away Win
23-24,2023-09-23,Brentford,Everton,A,H,0.19238283987525104,0.2525261618087112,0.5550909983160378,False,Away Win,Home Win
23-24,2023-09-23,Burnley,Man United,A,A,0.43587420927686327,0.2350887088488109,0.3290370818743258,True,Away Win,Away Win
23-24,2023-09-23,Crystal Palace,Fulham,D,H,0.24400057243072779,0.23541820087746718,0.520581226691805,False,Draw,Home Win
23-24,2023-09-23,Man City,Nott'm Forest,H,H,0.10115484946565877,0.19513918755390872,0.7037059629804325,True,Home Win,Home Win
23-24,2023-09-24,Brighton,Bournemouth,H,H,0.10038880850101586,0.20054457891677968,0.6990666125822046,True,Home Win,Home Win
23-24,2023-09-24,Arsenal,Tottenham,D,H,0.2865198656343003,0.24022175408535507,0.4732583802803446,False,Draw,Home Win
23-24,2023-09-24,Liverpool,West Ham,H,H,0.17075895726377432,0.21477260910938262,0.6144684336268431,True,Home Win,Home Win
23-24,2023-09-24,Chelsea,Aston Villa,A,H,0.3702631649232612,0.2317215910691204,0.39801524400761845,False,Away Win,Home Win
23-24,2023-09-24,Sheffield United,Newcastle,A,A,0.46835274346150096,0.24433983507021576,0.28730742146828336,True,Away Win,Away Win
23-24,2023-09-30,Bournemouth,Arsenal,A,A,0.5347979086109229,0.22461826601268933,0.24058382537638767,True,Away Win,Away Win
23-24,2023-09-30,Everton,Luton,A,H,0.2766598606464925,0.2609451763886783,0.46239496296482907,False,Away Win,Home Win
23-24,2023-09-30,Man United,Crystal Palace,A,H,0.3335098779479636,0.26648558268522243,0.40000453936681396,False,Away Win,Home Win
23-24,2023-09-30,Tottenham,Liverpool,H,H,0.25207193278868406,0.22229491544509003,0.5256331517662258,True,Home Win,Home Win
23-24,2023-09-30,Newcastle,Burnley,H,H,0.13371759461027746,0.20267341388861831,0.6636089915011042,True,Home Win,Home Win
23-24,2023-09-30,West Ham,Sheffield United,H,H,0.12280309718087958,0.19080685505823444,0.6863900477608861,True,Home Win,Home Win
23-24,2023-09-30,Wolves,Man City,H,A,0.5826017780253,0.20605979679726738,0.2113384251774326,False,Home Win,Away Win
23-24,2023-09-30,Aston Villa,Brighton,H,H,0.25951000282555825,0.22511272864927193,0.5153772685251697,True,Home Win,Home Win
23-24,2023-10-01,Nott'm Forest,Brentford,D,H,0.3248244776543938,0.26786258475844527,0.4073129375871609,False,Draw,Home Win
23-24,2023-10-02,Fulham,Chelsea,A,A,0.4005073051507013,0.2818315685157975,0.3176611263335012,True,Away Win,Away Win
23-24,2023-10-03,Luton,Burnley,A,H,0.2868476598703332,0.25881378388837395,0.45433855624129277,False,Away Win,Home Win
23-24,2023-10-07,Luton,Tottenham,A,A,0.5110312728973264,0.21777387566560996,0.2711948514370637,True,Away Win,Away Win
23-24,2023-10-07,Fulham,Sheffield United,H,H,0.2270224956577047,0.2315147488946083,0.5414627554476871,True,Home Win,Home Win
23-24,2023-10-07,Crystal Palace,Nott'm Forest,D,H,0.26871277809761024,0.2666100045882898,0.4646772173141,False,Draw,Home Win
23-24,2023-10-07,Burnley,Chelsea,A,A,0.45923698926232664,0.27035853142559163,0.27040447931208167,True,Away Win,Away Win
23-24,2023-10-07,Man United,Brentford,H,H,0.3098988236960656,0.2705053026874576,0.4195958736164768,True,Home Win,Home Win
23-24,2023-10-07,Everton,Bournemouth,H,H,0.23952774789310194,0.24833808389962722,0.5121341682072709,True,Home Win,Home Win
23-24,2023-10-08,Wolves,Aston Villa,D,A,0.4372278672368502,0.23221692627768611,0.33055520648546366,False,Draw,Away Win
23-24,2023-10-08,Brighton,Liverpool,D,H,0.3675384242255746,0.23583911625693402,0.39662245951749137,False,Draw,Home Win
23-24,2023-10-08,West Ham,Newcastle,D,A,0.38684540001877016,0.2531392950504175,0.3600153049308123,False,Draw,Away Win
23-24,2023-10-08,Arsenal,Man City,H,H,0.26690915658490266,0.23201708539392932,0.501073758021168,True,Home Win,Home Win
23-24,2023-10-21,Man City,Brighton,H,H,0.20839567112939808,0.20097539039391643,0.5906289384766855,True,Home Win,Home Win
23-24,2023-10-21,Chelsea,Arsenal,D,A,0.41242078427023937,0.2465673514391785,0.34101186429058217,False,Draw,Away Win
23-24,2023-10-21,Brentford,Burnley,H,H,0.3470530983085099,0.25587715741246664,0.3970697442790235,True,Home Win,Home Win
23-24,2023-10-21,Newcastle,Crystal Palace,H,H,0.14333454347263933,0.21421637556939507,0.6424490809579656,True,Home Win,Home Win
23-24,2023-10-21,Liverpool,Everton,H,H,0.21828152514547575,0.2415833947888696,0.5401350800656547,True,Home Win,Home Win
23-24,2023-10-21,Bournemouth,Wolves,A,A,0.4775589307472239,0.24421173155946202,0.27822933769331404,True,Away Win,Away Win
23-24,2023-10-21,Nott'm Forest,Luton,D,H,0.32769226943007856,0.28458858927411623,0.38771914129580526,False,Draw,Home Win
23-24,2023-10-21,Sheffield United,Man United,A,A,0.5047701022577357,0.23655517945560775,0.25867471828665667,True,Away Win,Away Win
23-24,2023-10-22,Aston Villa,West Ham,H,H,0.18201745973099184,0.21949308737061018,0.5984894528983979,True,Home Win,Home Win
23-24,2023-10-23,Tottenham,Fulham,H,H,0.12279001915748416,0.2043641672971853,0.6728458135453306,True,Home Win,Home Win
23-24,2023-10-27,Crystal Palace,Tottenham,A,A,0.5142550889410037,0.23355261414331413,0.2521922969156821,True,Away Win,Away Win
23-24,2023-10-28,Arsenal,Sheffield United,H,H,0.06858402983111199,0.15851585543335836,0.7729001147355297,True,Home Win,Home Win
23-24,2023-10-28,Wolves,Newcastle,D,A,0.5540094841502285,0.22684129450551152,0.21914922134425996,False,Draw,Away Win
23-24,2023-10-28,Chelsea,Brentford,A,H,0.23339840587472016,0.26103258307109795,0.5055690110541818,False,Away Win,Home Win
23-24,2023-10-28,Bournemouth,Burnley,H,A,0.40404343760590283,0.25357923769017965,0.34237732470391746,False,Home Win,Away Win
23-24,2023-10-29,Man United,Man City,A,H,0.3330463830808151,0.2625562890877349,0.40439732783145005,False,Away Win,Home Win
23-24,2023-10-29,Liverpool,Nott'm Forest,H,H,0.17056683437187428,0.2465468817451716,0.5828862838829542,True,Home Win,Home Win
23-24,2023-10-29,Brighton,Fulham,D,H,0.2770237242020391,0.2563940687524966,0.4665822070454644,False,Draw,Home Win
23-24,2023-10-29,West Ham,Everton,A,A,0.4149221271812803,0.2565982078183408,0.32847966500037884,True,Away Win,Away Win
23-24,2023-10-29,Aston Villa,Luton,H,H,0.10227203528568134,0.19907202952371247,0.6986559351906061,True,Home Win,Home Win
23-24,2023-11-04,Man City,Bournemouth,H,H,0.13166241851247415,0.20477645632169553,0.6635611251658303,True,Home Win,Home Win
23-24,2023-11-04,Newcastle,Arsenal,H,H,0.1893960675117372,0.21242968817073854,0.5981742443175242,True,Home Win,Home Win
23-24,2023-11-04,Burnley,Crystal Palace,A,A,0.3962279472207653,0.26902867262793007,0.33474338015130467,True,Away Win,Away Win
23-24,2023-11-04,Brentford,West Ham,H,H,0.22119394972928139,0.24053358282084025,0.5382724674498783,True,Home Win,Home Win
23-24,2023-11-04,Everton,Brighton,D,H,0.19363028512658895,0.22229698908109569,0.5840727257923153,False,Draw,Home Win
23-24,2023-11-04,Fulham,Man United,A,H,0.355563196479462,0.25515491056345485,0.3892818929570832,False,Away Win,Home Win
23-24,2023-11-04,Sheffield United,Wolves,H,A,0.6701018488521541,0.19113327066060257,0.13876488048724342,False,Home Win,Away Win
23-24,2023-11-05,Nott'm Forest,Aston Villa,H,A,0.6425461635126242,0.19591777228349122,0.16153606420388467,False,Home Win,Away Win
23-24,2023-11-05,Luton,Liverpool,D,A,0.4926896353732257,0.23517573801263633,0.27213462661413806,False,Draw,Away Win
23-24,2023-11-06,Tottenham,Chelsea,A,H,0.2036937248247694,0.2517499095058529,0.5445563656693776,False,Away Win,Home Win
23-24,2023-11-11,Man United,Luton,H,H,0.24965479482517466,0.273169065098625,0.47717614007620046,True,Home Win,Home Win
23-24,2023-11-11,Crystal Palace,Everton,A,A,0.36475620594972613,0.2732902901196366,0.3619535039306372,True,Away Win,Away Win
23-24,2023-11-11,Arsenal,Burnley,H,H,0.08999585078464627,0.17853825405620755,0.7314658951591461,True,Home Win,Home Win
23-24,2023-11-11,Wolves,Tottenham,H,H,0.29810473088257855,0.2349125829789489,0.46698268613847244,True,Home Win,Home Win
23-24,2023-11-11,Bournemouth,Newcastle,H,A,0.635689480699912,0.20314706456137488,0.16116345473871302,False,Home Win,Away Win
23-24,2023-11-12,Brighton,Sheffield United,D,H,0.2838259419368956,0.23693515645322535,0.47923890160987903,False,Draw,Home Win
23-24,2023-11-12,West Ham,Nott'm Forest,H,H,0.3554613565468446,0.2604074957766947,0.3841311476764606,True,Home Win,Home Win
23-24,2023-11-12,Aston Villa,Fulham,H,H,0.12474418095058613,0.2139980111705117,0.6612578078789022,True,Home Win,Home Win
23-24,2023-11-12,Chelsea,Man City,D,H,0.27628102346020916,0.24565764777606475,0.4780613287637262,False,Draw,Home Win
23-24,2023-11-12,Liverpool,Brentford,H,H,0.31198187636384556,0.24743387211656445,0.44058425151959013,True,Home Win,Home Win
23-24,2023-11-25,Burnley,West Ham,A,A,0.49966224700867,0.22822665491732375,0.27211109807400635,True,Away Win,Away Win
23-24,2023-11-25,Newcastle,Chelsea,H,H,0.3162799064501386,0.23115727052770207,0.4525628230221593,True,Home Win,Home Win
23-24,2023-11-25,Brentford,Arsenal,A,H,0.3538862328586628,0.2550066127838178,0.3911071543575193,False,Away Win,Home Win
23-24,2023-11-25,Man City,Liverpool,D,H,0.2430509511434625,0.23486891299310622,0.5220801358634313,False,Draw,Home Win
23-24,2023-11-25,Luton,Crystal Palace,H,A,0.3748144342066124,0.25738257347690374,0.3678029923164839,False,Home Win,Away Win
23-24,2023-11-25,Nott'm Forest,Brighton,A,H,0.34476225342168887,0.2691968020233333,0.3860409445549779,False,Away Win,Home Win
23-24,2023-11-25,Sheffield United,Bournemouth,A,H,0.3374896499951822,0.2347989295567846,0.42771142044803323,False,Away Win,Home Win
23-24,2023-11-26,Everton,Man United,A,H,0.23732330357722436,0.23669450136454878,0.5259821950582269,False,Away Win,Home Win
23-24,2023-11-26,Tottenham,Aston Villa,A,H,0.36146994597433163,0.24952778346966886,0.3890022705559996,False,Away Win,Home Win
23-24,2023-11-27,Fulham,Wolves,H,A,0.41229979590453636,0.24728786969481853,0.34041233440064506,False,Home Win,Away Win
23-24,2023-12-02,Nott'm Forest,Everton,A,H,0.31305632870383,0.24239218452529585,0.44455148677087414,False,Away Win,Home Win
23-24,2023-12-02,Newcastle,Man United,H,H,0.216621974625923,0.23033322184982094,0.553044803524256,True,Home Win,Home Win
23-24,2023-12-02,Burnley,Sheffield United,H,A,0.41824663812260676,0.23881583305309573,0.34293752882429757,False,Home Win,Away Win
23-24,2023-12-02,Brentford,Luton,H,H,0.22531637393235238,0.2509824683591571,0.5237011577084906,True,Home Win,Home Win
23-24,2023-12-02,Arsenal,Wolves,H,H,0.17984008380442384,0.21860901288995951,0.6015509033056167,True,Home Win,Home Win
23-24,2023-12-03,West Ham,Crystal Palace,D,H,0.2646857376302437,0.24555501852395048,0.48975924384580577,False,Draw,Home Win
23-24,2023-12-03,Man City,Tottenham,D,H,0.11106491861091759,0.18548805502000618,0.7034470263690763,False,Draw,Home Win
23-24,2023-12-03,Chelsea,Brighton,H,H,0.31531707320139163,0.2466584742124472,0.43802445258616113,True,Home Win,Home Win
23-24,2023-12-03,Liverpool,Fulham,H,H,0.12978007355433277,0.21756508253470397,0.6526548439109632,True,Home Win,Home Win
23-24,2023-12-03,Bournemouth,Aston Villa,D,H,0.3698574568185846,0.23547305095812351,0.39466949222329184,False,Draw,Home Win
23-24,2023-12-05,Luton,Arsenal,A,A,0.5443533332697853,0.22761318242379694,0.22803348430641784,True,Away Win,Away Win
23-24,2023-12-05,Wolves,Burnley,H,H,0.345475609266813,0.2564300397774029,0.3980943509557841,True,Home Win,Home Win
23-24,2023-12-06,Brighton,Brentford,H,H,0.3225277377531216,0.24154339599579205,0.43592886625108623,True,Home Win,Home Win
23-24,2023-12-06,Aston Villa,Man City,H,H,0.3502217096879956,0.23315171092140394,0.4166265793906004,True,Home Win,Home Win
23-24,2023-12-06,Crystal Palace,Bournemouth,A,H,0.3554750798915918,0.22149819997789896,0.4230267201305093,False,Away Win,Home Win
23-24,2023-12-06,Man United,Chelsea,H,H,0.27897175253976053,0.22958094473153343,0.49144730272870607,True,Home Win,Home Win
23-24,2023-12-06,Fulham,Nott'm Forest,H,H,0.3043751732896834,0.2505415322276076,0.44508329448270895,True,Home Win,Home Win
23-24,2023-12-06,Sheffield United,Liverpool,A,A,0.6157864107762366,0.2069311541068289,0.1772824351169344,True,Away Win,Away Win
23-24,2023-12-07,Everton,Newcastle,H,H,0.31884662437152106,0.2592914085747501,0.42186196705372886,True,Home Win,Home Win
23-24,2023-12-07,Tottenham,West Ham,A,A,0.3790928609565086,0.2421704609191913,0.37873667812429995,True,Away Win,Away Win
23-24,2023-12-09,Man United,Bournemouth,A,H,0.21386399074527093,0.22645542776119532,0.5596805814935337,False,Away Win,Home Win
23-24,2023-12-09,Crystal Palace,Liverpool,A,A,0.48064583430459573,0.23301405561687805,0.2863401100785262,True,Away Win,Away Win
23-24,2023-12-09,Aston Villa,Arsenal,H,H,0.29736199401085467,0.23815058249316687,0.46448742349597844,True,Home Win,Home Win
23-24,2023-12-09,Brighton,Burnley,D,H,0.2550713581440329,0.261471952934186,0.48345668892178095,False,Draw,Home Win
23-24,2023-12-09,Wolves,Nott'm Forest,D,H,0.24001627300034042,0.23911082196826539,0.5208729050313942,False,Draw,Home Win
23-24,2023-12-09,Sheffield United,Brentford,H,A,0.42724754355436967,0.2477450620547595,0.3250073943908708,False,Home Win,Away Win
23-24,2023-12-10,Fulham,West Ham,H,H,0.28357202001829995,0.2198597695260065,0.4965682104556936,True,Home Win,Home Win
23-24,2023-12-10,Luton,Man City,A,A,0.46104314769061316,0.2315926106723919,0.3073642416369951,True,Away Win,Away Win
23-24,2023-12-10,Everton,Chelsea,H,H,0.2483914555368015,0.22042191236126302,0.5311866321019355,True,Home Win,Home Win
23-24,2023-12-10,Tottenham,Newcastle,H,A,0.4472895454041015,0.23510504546748157,0.31760540912841706,False,Home Win,Away Win
23-24,2023-12-15,Nott'm Forest,Tottenham,A,A,0.5041088129886048,0.23319161741406216,0.26269956959733304,True,Away Win,Away Win
23-24,2023-12-16,Burnley,Everton,A,A,0.3870187918788195,0.23367534335556064,0.3793058647656198,True,Away Win,Away Win
23-24,2023-12-16,Newcastle,Fulham,H,A,0.5260226644975378,0.21859995780587071,0.2553773776965915,False,Home Win,Away Win
23-24,2023-12-16,Chelsea,Sheffield United,H,H,0.24903713644337797,0.23303635840821862,0.5179265051484033,True,Home Win,Home Win
23-24,2023-12-16,Man City,Crystal Palace,D,H,0.22309183917165365,0.2490580721383504,0.5278500886899959,False,Draw,Home Win
23-24,2023-12-17,West Ham,Wolves,H,H,0.2775231875709312,0.2560368779548975,0.46643993447417126,True,Home Win,Home Win
23-24,2023-12-17,Arsenal,Brighton,H,H,0.20179985528504257,0.23120089427434118,0.5669992504406163,True,Home Win,Home Win
23-24,2023-12-17,Brentford,Aston Villa,A,A,0.5131566627478718,0.22674949256104954,0.26009384469107866,True,Away Win,Away Win
23-24,2023-12-17,Liverpool,Man United,D,H,0.15383627357080917,0.22396074376297048,0.6222029826662203,False,Draw,Home Win
23-24,2023-12-21,Crystal Palace,Brighton,D,A,0.4195037140316935,0.23815356148863534,0.3423427244796712,False,Draw,Away Win
23-24,2023-12-22,Aston Villa,Sheffield United,D,H,0.09700888618607433,0.19698882533294237,0.7060022884809833,False,Draw,Home Win
23-24,2023-12-23,West Ham,Man United,H,H,0.2554132353499747,0.2646118245185419,0.4799749401314834,True,Home Win,Home Win
23-24,2023-12-23,Liverpool,Arsenal,D,H,0.2556185403005193,0.23847184959539144,0.5059096101040892,False,Draw,Home Win
23-24,2023-12-23,Tottenham,Everton,H,H,0.31094080341543034,0.24187190886962,0.4471872877149497,True,Home Win,Home Win
23-24,2023-12-23,Nott'm Forest,Bournemouth,A,A,0.6699225453732958,0.18821990494827207,0.14185754967843206,True,Away Win,Away Win
23-24,2023-12-23,Luton,Newcastle,H,A,0.4200054131297105,0.23132460557969392,0.3486699812905956,False,Home Win,Away Win
23-24,2023-12-23,Fulham,Burnley,A,H,0.16989218681711205,0.2313542722722352,0.5987535409106528,False,Away Win,Home Win
23-24,2023-12-24,Wolves,Chelsea,H,H,0.3565995709308094,0.24451136089372855,0.3988890681754621,True,Home Win,Home Win
23-24,2023-12-26,Newcastle,Nott'm Forest,A,H,0.2305936854407751,0.2528241568570573,0.5165821577021676,False,Away Win,Home Win
23-24,2023-12-26,Burnley,Liverpool,A,H,0.31492860401774453,0.24352818078920288,0.4415432151930526,False,Away Win,Home Win
23-24,2023-12-26,Man United,Aston Villa,H,A,0.4912515318314675,0.24458927131957783,0.2641591968489548,False,Home Win,Away Win
23-24,2023-12-26,Bournemouth,Fulham,H,H,0.18377778430773511,0.2245097741450748,0.59171244154719,True,Home Win,Home Win
23-24,2023-12-26,Sheffield United,Luton,A,A,0.44899945499670624,0.2447925651954099,0.30620797980788383,True,Away Win,Away Win
23-24,2023-12-27,Brentford,Wolves,A,H,0.359488978658913,0.2533420243692991,0.3871689969717879,False,Away Win,Home Win
23-24,2023-12-27,Chelsea,Crystal Palace,H,H,0.28163898477842064,0.2660695370207675,0.45229147820081184,True,Home Win,Home Win
23-24,2023-12-27,Everton,Man City,A,H,0.17527281809547046,0.23565119150213892,0.5890759904023907,False,Away Win,Home Win
23-24,2023-12-28,Brighton,Tottenham,H,A,0.4527815842592983,0.2334230978931519,0.31379531784754977,False,Home Win,Away Win
23-24,2023-12-28,Arsenal,West Ham,A,H,0.2347987021339924,0.23275136869841698,0.5324499291675906,False,Away Win,Home Win
23-24,2023-12-30,Wolves,Everton,H,H,0.29950915830809155,0.2580979698390387,0.44239287185286974,True,Home Win,Home Win
23-24,2023-12-30,Aston Villa,Burnley,H,H,0.2067232565920377,0.26821079178299595,0.5250659516249664,True,Home Win,Home Win
23-24,2023-12-30,Crystal Palace,Brentford,H,H,0.3688572611642442,0.2547114980127936,0.37643124082296214,True,Home Win,Home Win
23-24,2023-12-30,Man City,Sheffield United,H,H,0.1943823552436909,0.24197159824811842,0.5636460465081906,True,Home Win,Home Win
23-24,2023-12-30,Luton,Chelsea,A,H,0.3027754957991121,0.25292693034864616,0.44429757385224167,False,Away Win,Home Win
23-24,2023-12-30,Nott'm Forest,Man United,H,H,0.363505652580612,0.24781894469047916,0.3886754027289088,True,Home Win,Home Win
23-24,2023-12-31,Fulham,Arsenal,H,H,0.27025048097875226,0.2425373912282652,0.4872121277929827,True,Home Win,Home Win
23-24,2023-12-31,Tottenham,Bournemouth,H,H,0.35780834769474856,0.2360422300438749,0.4061494222613765,True,Home Win,Home Win
23-24,2024-01-01,Liverpool,Newcastle,H,H,0.14600130580522694,0.22690967725306557,0.6270890169417075,True,Home Win,Home Win
23-24,2024-01-02,West Ham,Brighton,D,H,0.21613923178803546,0.2424582882079547,0.5414024800040098,False,Draw,Home Win
23-24,2024-01-12,Burnley,Luton,D,A,0.3855410462058315,0.23829479210661572,0.3761641616875528,False,Draw,Away Win
23-24,2024-01-13,Newcastle,Man City,A,A,0.48148731207988027,0.23368557678183233,0.2848271111382874,True,Away Win,Away Win
23-24,2024-01-13,Chelsea,Fulham,H,H,0.23401223862276316,0.24222863579028467,0.5237591255869521,True,Home Win,Home Win
23-24,2024-01-14,Everton,Aston Villa,D,A,0.38025363780478943,0.2413235839676776,0.37842277822753284,False,Draw,Away Win
23-24,2024-01-14,Man United,Tottenham,D,A,0.5386364736293842,0.21447437786286694,0.24688914850774893,False,Draw,Away Win
23-24,2024-01-20,Brentford,Nott'm Forest,H,A,0.5202627764206856,0.2276193566333439,0.2521178669459705,False,Home Win,Away Win
23-24,2024-01-20,Arsenal,Crystal Palace,H,A,0.39683553591079035,0.2595180163947855,0.3436464476944241,False,Home Win,Away Win
23-24,2024-01-21,Bournemouth,Liverpool,A,H,0.21011006960110373,0.2345946639375761,0.5552952664613202,False,Away Win,Home Win
23-24,2024-01-21,Sheffield United,West Ham,D,A,0.445413735309078,0.24695481542274936,0.3076314492681726,False,Draw,Away Win
23-24,2024-01-22,Brighton,Wolves,D,A,0.3938382012846347,0.24530831276016854,0.36085348595519673,False,Draw,Away Win
23-24,2024-01-30,Crystal Palace,Sheffield United,H,H,0.2945982378496251,0.25941470546381784,0.4459870566865572,True,Home Win,Home Win
23-24,2024-01-30,Aston Villa,Newcastle,A,H,0.23655364720082475,0.244701988829401,0.5187443639697743,False,Away Win,Home Win
23-24,2024-01-30,Fulham,Everton,D,A,0.4208546415296264,0.2655424445695258,0.3136029139008479,False,Draw,Away Win
23-24,2024-01-30,Nott'm Forest,Arsenal,A,A,0.3772867777945767,0.2582093847568252,0.364503837448598,True,Away Win,Away Win
23-24,2024-01-30,Luton,Brighton,H,H,0.2922980358385412,0.2675229884018905,0.4401789757595684,True,Home Win,Home Win
23-24,2024-01-31,Man City,Burnley,H,H,0.1260448037770709,0.2196918215623683,0.6542633746605608,True,Home Win,Home Win
23-24,2024-01-31,Liverpool,Chelsea,H,H,0.2050419995293981,0.22406842172117633,0.5708895787494256,True,Home Win,Home Win
23-24,2024-01-31,Tottenham,Brentford,H,H,0.14432773135636232,0.20994109356214968,0.645731175081488,True,Home Win,Home Win
23-24,2024-02-01,Wolves,Man United,A,H,0.19182526036586406,0.2422556849537888,0.5659190546803471,False,Away Win,Home Win
23-24,2024-02-01,West Ham,Bournemouth,D,H,0.19449514570430185,0.21984558993109288,0.5856592643646052,False,Draw,Home Win
23-24,2024-02-03,Brighton,Crystal Palace,H,H,0.3092863878556553,0.2372565180138362,0.4534570941305085,True,Home Win,Home Win
23-24,2024-02-03,Newcastle,Luton,D,A,0.4827835701869973,0.2267764778721788,0.29043995194082406,False,Draw,Away Win
23-24,2024-02-03,Burnley,Fulham,D,H,0.2977782223826691,0.2668817598606072,0.43534001775672376,False,Draw,Home Win
23-24,2024-02-03,Everton,Tottenham,D,A,0.5302200406192674,0.2124762052735961,0.25730375410713646,False,Draw,Away Win
23-24,2024-02-03,Sheffield United,Aston Villa,A,A,0.3831946389584765,0.2450666927394362,0.37173866830208735,True,Away Win,Away Win
23-24,2024-02-04,Bournemouth,Nott'm Forest,D,H,0.3220154507938107,0.2419726152439967,0.43601193396219257,False,Draw,Home Win
23-24,2024-02-04,Chelsea,Wolves,A,A,0.38182867655110125,0.24639632128029545,0.37177500216860326,True,Away Win,Away Win
23-24,2024-02-04,Man United,West Ham,H,H,0.347732431765486,0.2596449478693421,0.39262262036517187,True,Home Win,Home Win
23-24,2024-02-04,Arsenal,Liverpool,H,A,0.44432072728174216,0.231711855365551,0.32396741735270673,False,Home Win,Away Win
23-24,2024-02-05,Brentford,Man City,A,A,0.5423332086037951,0.20534796229577457,0.25231882910043035,True,Away Win,Away Win
23-24,2024-02-10,Tottenham,Brighton,H,H,0.25426481600255996,0.2345217205004387,0.5112134634970014,True,Home Win,Home Win
23-24,2024-02-10,Liverpool,Burnley,H,H,0.09034740830420399,0.18391945750380614,0.7257331341919898,True,Home Win,Home Win
23-24,2024-02-10,Wolves,Brentford,A,H,0.09936399809200078,0.16759437717821174,0.7330416247297875,False,Away Win,Home Win
23-24,2024-02-10,Man City,Everton,H,H,0.0775847962280226,0.19058834864310764,0.7318268551288697,True,Home Win,Home Win
23-24,2024-02-10,Fulham,Bournemouth,H,H,0.3406330221975589,0.2587817943612044,0.40058518344123667,True,Home Win,Home Win
23-24,2024-02-10,Luton,Sheffield United,A,H,0.11149788056256363,0.17938764508576688,0.7091144743516695,False,Away Win,Home Win
23-24,2024-02-10,Nott'm Forest,Newcastle,A,H,0.24336769716912893,0.21606240392474668,0.5405698989061244,False,Away Win,Home Win
23-24,2024-02-11,Aston Villa,Man United,A,H,0.30619833949981784,0.22033117500583863,0.47347048549434345,False,Away Win,Home Win
23-24,2024-02-11,West Ham,Arsenal,A,A,0.4348198100291084,0.24836657098286022,0.3168136189880314,True,Away Win,Away Win
23-24,2024-02-12,Crystal Palace,Chelsea,A,H,0.3390927908938946,0.22247499919020597,0.43843220991589943,False,Away Win,Home Win
23-24,2024-02-17,Man City,Chelsea,D,H,0.10648082827761703,0.17427715708867472,0.7192420146337082,False,Draw,Home Win
23-24,2024-02-17,Tottenham,Wolves,A,H,0.21268618717323912,0.23172056014301323,0.5555932526837476,False,Away Win,Home Win
23-24,2024-02-17,Burnley,Arsenal,A,A,0.6573685230976305,0.18697358406826328,0.15565789283410625,True,Away Win,Away Win
23-24,2024-02-17,Newcastle,Bournemouth,D,H,0.14906478258842537,0.20477776372925208,0.6461574536823227,False,Draw,Home Win
23-24,2024-02-17,Brentford,Liverpool,A,A,0.4858130965100159,0.21606349410822367,0.2981234093817604,True,Away Win,Away Win
23-24,2024-02-17,Nott'm Forest,West Ham,H,H,0.21786707595262197,0.22929476178174252,0.5528381622656355,True,Home Win,Home Win
23-24,2024-02-17,Fulham,Aston Villa,A,H,0.32275658317365613,0.2568095058011121,0.42043391102523164,False,Away Win,Home Win
23-24,2024-02-18,Luton,Man United,A,H,0.34314815809280497,0.22112571320199897,0.435726128705196,False,Away Win,Home Win
23-24,2024-02-18,Sheffield United,Brighton,A,A,0.37270335918451414,0.2595683552401307,0.36772828557535514,True,Away Win,Away Win
23-24,2024-02-19,Everton,Crystal Palace,D,H,0.3448223390311257,0.22504337982574069,0.4301342811431336,False,Draw,Home Win
23-24,2024-02-20,Man City,Brentford,H,H,0.12040780328759204,0.18834533529153774,0.6912468614208703,True,Home Win,Home Win
23-24,2024-02-21,Liverpool,Luton,H,H,0.12850696095292108,0.1950195164693914,0.6764735225776874,True,Home Win,Home Win
23-24,2024-02-24,Man United,Fulham,A,H,0.14886176185369324,0.2335164310423235,0.6176218071039833,False,Away Win,Home Win
23-24,2024-02-24,Crystal Palace,Burnley,H,H,0.3045517247850899,0.23992200777307401,0.45552626744183605,True,Home Win,Home Win
23-24,2024-02-24,Aston Villa,Nott'm Forest,H,H,0.2484625885577896,0.24788513378564447,0.503652277656566,True,Home Win,Home Win
23-24,2024-02-24,Arsenal,Newcastle,H,H,0.059226902949878035,0.12751456322481367,0.8132585338253082,True,Home Win,Home Win
23-24,2024-02-24,Brighton,Everton,D,H,0.22023778666251206,0.262904612004973,0.516857601332515,False,Draw,Home Win
23-24,2024-02-24,Bournemouth,Man City,A,A,0.5612489280584385,0.21884913808090137,0.21990193386066004,True,Away Win,Away Win
23-24,2024-02-25,Wolves,Sheffield United,H,H,0.16837004113048598,0.19480512557813875,0.6368248332913753,True,Home Win,Home Win
23-24,2024-02-26,West Ham,Brentford,H,A,0.44918068810144235,0.2478923716944318,0.30292694020412586,False,Home Win,Away Win
23-24,2024-03-02,Brentford,Chelsea,D,A,0.4010796602941323,0.23431177876557138,0.3646085609402963,False,Draw,Away Win
23-24,2024-03-02,Everton,West Ham,A,H,0.2504501948133733,0.22945389600089267,0.520095909185734,False,Away Win,Home Win
23-24,2024-03-02,Tottenham,Crystal Palace,H,H,0.2444856828003452,0.22712821860454818,0.5283860985951065,True,Home Win,Home Win
23-24,2024-03-02,Newcastle,Wolves,H,H,0.2564820121719651,0.21768823369436666,0.5258297541336683,True,Home Win,Home Win
23-24,2024-03-02,Fulham,Brighton,H,H,0.31572379218992186,0.24876441590007048,0.4355117919100077,True,Home Win,Home Win
23-24,2024-03-02,Luton,Aston Villa,A,A,0.4217190247986848,0.22364469865469103,0.35463627654662416,True,Away Win,Away Win
23-24,2024-03-02,Nott'm Forest,Liverpool,A,A,0.5248613407118561,0.20907818829758007,0.26606047099056385,True,Away Win,Away Win
23-24,2024-03-03,Burnley,Bournemouth,A,A,0.49495353896274125,0.25053638063012285,0.25451008040713574,True,Away Win,Away Win
23-24,2024-03-03,Man City,Man United,H,H,0.24097815675514905,0.2315315577178311,0.5274902855270198,True,Home Win,Home Win
23-24,2024-03-04,Sheffield United,Arsenal,A,A,0.7597715954461421,0.14823774829786113,0.09199065625599671,True,Away Win,Away Win
23-24,2024-03-09,Bournemouth,Sheffield United,D,H,0.14339392776099472,0.1849042850557609,0.6717017871832444,False,Draw,Home Win
23-24,2024-03-09,Crystal Palace,Luton,D,H,0.2843939172392328,0.22980711930303732,0.4857989634577299,False,Draw,Home Win
23-24,2024-03-09,Arsenal,Brentford,H,H,0.027035857482647897,0.10149648516076308,0.8714676573565889,True,Home Win,Home Win
23-24,2024-03-09,Wolves,Fulham,H,H,0.3724027620847061,0.2492523956599349,0.378344842255359,True,Home Win,Home Win
23-24,2024-03-09,Man United,Everton,H,H,0.1939916010765259,0.24574058731708462,0.5602678116063894,True,Home Win,Home Win
23-24,2024-03-10,Liverpool,Man City,D,H,0.21192116780263884,0.23352966587899607,0.5545491663183651,False,Draw,Home Win
23-24,2024-03-10,Brighton,Nott'm Forest,H,H,0.20962469143511767,0.2356301904960547,0.5547451180688276,True,Home Win,Home Win
23-24,2024-03-10,West Ham,Burnley,D,H,0.20969384277655048,0.22787933954721074,0.5624268176762387,False,Draw,Home Win
23-24,2024-03-10,Aston Villa,Tottenham,A,H,0.16104161030865372,0.19820720365837424,0.640751186032972,False,Away Win,Home Win
23-24,2024-03-11,Chelsea,Newcastle,H,H,0.3702377683608861,0.21770090949939636,0.4120613221397176,True,Home Win,Home Win
23-24,2024-03-13,Bournemouth,Luton,H,H,0.23989374898374335,0.24164456321590783,0.5184616878003488,True,Home Win,Home Win
23-24,2024-03-16,Fulham,Tottenham,H,H,0.30954584683399894,0.2413259268409511,0.44912822632504995,True,Home Win,Home Win
23-24,2024-03-16,Luton,Nott'm Forest,D,A,0.3930780671897779,0.24978693784245823,0.35713499496776385,False,Draw,Away Win
23-24,2024-03-16,Burnley,Brentford,H,A,0.4432126492261825,0.24628573036719084,0.31050162040662677,False,Home Win,Away Win
23-24,2024-03-17,West Ham,Aston Villa,D,H,0.3132068528956274,0.2207723578216024,0.46602078928277035,False,Draw,Home Win
23-24,2024-03-30,Aston Villa,Wolves,H,H,0.2103087520676901,0.23071817491094795,0.558973073021362,True,Home Win,Home Win
23-24,2024-03-30,Newcastle,West Ham,H,H,0.3032330329195115,0.2346649527851836,0.462102014295305,True,Home Win,Home Win
23-24,2024-03-30,Tottenham,Luton,H,H,0.17223167883799437,0.22015994688071344,0.6076083742812922,True,Home Win,Home Win
23-24,2024-03-30,Chelsea,Burnley,D,H,0.13948742691520932,0.19577489584734833,0.6647376772374423,False,Draw,Home Win
23-24,2024-03-30,Brentford,Man United,D,A,0.4677982209780602,0.22988902648977078,0.30231275253216905,False,Draw,Away Win
23-24,2024-03-30,Nott'm Forest,Crystal Palace,D,H,0.3687580479401562,0.2589233544189693,0.37231859764087455,False,Draw,Home Win
23-24,2024-03-30,Bournemouth,Everton,H,H,0.1724165160975409,0.23989641359345681,0.5876870703090022,True,Home Win,Home Win
23-24,2024-03-30,Sheffield United,Fulham,D,A,0.5607790896602931,0.22709743177160016,0.21212347856810665,False,Draw,Away Win
23-24,2024-03-31,Liverpool,Brighton,H,H,0.14922950413295452,0.22364099495207182,0.6271295009149737,True,Home Win,Home Win
23-24,2024-03-31,Man City,Arsenal,D,A,0.5795734706314162,0.21674151795988708,0.2036850114086968,False,Draw,Away Win
23-24,2024-04-02,West Ham,Tottenham,D,H,0.25782367429990255,0.22758842711021057,0.5145878985898868,False,Draw,Home Win
23-24,2024-04-02,Newcastle,Everton,D,H,0.19605488067442572,0.24013541774523675,0.5638097015803375,False,Draw,Home Win
23-24,2024-04-02,Burnley,Wolves,D,H,0.3422382964930532,0.24546689089814686,0.4122948126087999,False,Draw,Home Win
23-24,2024-04-02,Bournemouth,Crystal Palace,H,H,0.23104377503035262,0.2546170794752377,0.5143391454944097,True,Home Win,Home Win
23-24,2024-04-02,Nott'm Forest,Fulham,H,A,0.5540965901005125,0.2197198215132223,0.22618358838626515,False,Home Win,Away Win
23-24,2024-04-03,Brentford,Brighton,D,A,0.4507802203142429,0.24450115601461722,0.3047186236711397,False,Draw,Away Win
23-24,2024-04-03,Arsenal,Luton,H,H,0.06877819139357928,0.16410953310297727,0.7671122755034434,True,Home Win,Home Win
23-24,2024-04-03,Man City,Aston Villa,H,H,0.24112331936021367,0.23226672704657328,0.526609953593213,True,Home Win,Home Win
23-24,2024-04-04,Chelsea,Man United,H,H,0.21946621332729932,0.23758510913089506,0.5429486775418055,True,Home Win,Home Win
23-24,2024-04-04,Liverpool,Sheffield United,H,H,0.05806671599536309,0.14121250788303144,0.8007207761216055,True,Home Win,Home Win
23-24,2024-04-06,Everton,Burnley,H,A,0.4387932755136101,0.24768426987802583,0.3135224546083641,False,Home Win,Away Win
23-24,2024-04-06,Aston Villa,Brentford,D,H,0.3137876344692905,0.2755768276424177,0.41063553788829193,False,Draw,Home Win
23-24,2024-04-06,Crystal Palace,Man City,A,A,0.43800059787582,0.2497843705057038,0.31221503161847614,True,Away Win,Away Win
23-24,2024-04-06,Brighton,Arsenal,A,A,0.6068332014341241,0.21606116250055404,0.17710563606532181,True,Away Win,Away Win
23-24,2024-04-06,Wolves,West Ham,A,A,0.3863217380145582,0.25573412086946906,0.35794414111597267,True,Away Win,Away Win
23-24,2024-04-06,Luton,Bournemouth,H,A,0.5142092660307632,0.21269395779586991,0.2730967761733668,False,Home Win,Away Win
23-24,2024-04-06,Fulham,Newcastle,A,H,0.24625759944959755,0.21799925763792286,0.5357431429124796,False,Away Win,Home Win
23-24,2024-04-07,Sheffield United,Chelsea,D,A,0.5268330074133664,0.2093981006090282,0.2637688919776055,False,Draw,Away Win
23-24,2024-04-07,Man United,Liverpool,D,A,0.4765482997720569,0.22579029879230111,0.29766140143564185,False,Draw,Away Win
23-24,2024-04-07,Tottenham,Nott'm Forest,H,H,0.20827411038306184,0.2606507833225828,0.5310751062943554,True,Home Win,Home Win
23-24,2024-04-13,Burnley,Brighton,D,H,0.22462972245524077,0.2532839943869735,0.5220862831577857,False,Draw,Home Win
23-24,2024-04-13,Newcastle,Tottenham,H,H,0.2549663659239626,0.23592417227407614,0.5091094618019613,True,Home Win,Home Win
23-24,2024-04-13,Brentford,Sheffield United,H,H,0.2657575421467198,0.21932807070502755,0.5149143871482527,True,Home Win,Home Win
23-24,2024-04-13,Man City,Luton,H,H,0.1356861458366533,0.21056229724416403,0.6537515569191827,True,Home Win,Home Win
23-24,2024-04-13,Bournemouth,Man United,D,H,0.2167766926147075,0.23504845202770971,0.5481748553575828,False,Draw,Home Win
23-24,2024-04-13,Nott'm Forest,Wolves,D,H,0.2697085413846458,0.25515856218907773,0.4751328964262765,False,Draw,Home Win
23-24,2024-04-14,Arsenal,Aston Villa,A,H,0.07830884943189526,0.16448805231404173,0.757203098254063,False,Away Win,Home Win
23-24,2024-04-14,West Ham,Fulham,A,H,0.28886761631501084,0.25075899106589855,0.46037339261909055,False,Away Win,Home Win
23-24,2024-04-14,Liverpool,Crystal Palace,A,H,0.15221935721037946,0.23476566080123748,0.6130149819883831,False,Away Win,Home Win
23-24,2024-04-15,Chelsea,Everton,H,H,0.16559942187856766,0.22743399145668108,0.6069665866647512,True,Home Win,Home Win
23-24,2024-04-20,Wolves,Arsenal,A,A,0.42277821511936914,0.25631768648228426,0.3209040983983466,True,Away Win,Away Win
23-24,2024-04-20,Luton,Brentford,A,A,0.4448231963577344,0.25765714670636264,0.297519656935903,True,Away Win,Away Win
23-24,2024-04-20,Sheffield United,Burnley,A,A,0.3895011230937781,0.2546347927788772,0.35586408412734477,True,Away Win,Away Win
23-24,2024-04-21,Fulham,Liverpool,A,H,0.2972326212123144,0.2495277243074104,0.4532396544802752,False,Away Win,Home Win
23-24,2024-04-21,Crystal Palace,West Ham,H,H,0.3390633244137141,0.2561458267031149,0.40479084888317085,True,Home Win,Home Win
23-24,2024-04-21,Aston Villa,Bournemouth,H,H,0.2953299938451857,0.23130964174141183,0.4733603644134024,True,Home Win,Home Win
23-24,2024-04-21,Everton,Nott'm Forest,H,A,0.47251913889655467,0.24846564334989135,0.279015217753554,False,Home Win,Away Win
23-24,2024-04-23,Arsenal,Chelsea,H,H,0.35415510940638295,0.23091213885780926,0.4149327517358079,True,Home Win,Home Win
23-24,2024-04-24,Wolves,Bournemouth,A,A,0.43794783473616344,0.2434324252686563,0.3186197399951803,True,Away Win,Away Win
23-24,2024-04-24,Crystal Palace,Newcastle,H,H,0.3612821117742043,0.2361687097283268,0.4025491784974689,True,Home Win,Home Win
23-24,2024-04-24,Everton,Liverpool,H,A,0.43412141088545103,0.24603086252565004,0.31984772658889893,False,Home Win,Away Win
23-24,2024-04-24,Man United,Sheffield United,H,H,0.1901274254573065,0.21542145167685303,0.5944511228658405,True,Home Win,Home Win
23-24,2024-04-25,Brighton,Man City,A,A,0.5625699667521658,0.22380302506063215,0.21362700818720207,True,Away Win,Away Win
23-24,2024-04-27,Wolves,Luton,H,H,0.27993002100651804,0.22915488387851202,0.49091509511496995,True,Home Win,Home Win
23-24,2024-04-27,West Ham,Liverpool,D,A,0.4070595585188115,0.24547514275435273,0.3474652987268358,False,Draw,Away Win
23-24,2024-04-27,Aston Villa,Chelsea,D,H,0.24323414994921172,0.21302275522244543,0.5437430948283428,False,Draw,Home Win
23-24,2024-04-27,Man United,Burnley,D,H,0.29616573678322816,0.24994743610418016,0.4538868271125916,False,Draw,Home Win
23-24,2024-04-27,Everton,Brentford,H,A,0.3852759405789857,0.26250649336522003,0.35221756605579424,False,Home Win,Away Win
23-24,2024-04-27,Newcastle,Sheffield United,H,H,0.11791150652434677,0.19426750620198494,0.6878209872736682,True,Home Win,Home Win
23-24,2024-04-27,Fulham,Crystal Palace,D,A,0.4308159609135417,0.23652525381358921,0.332658785272869,False,Draw,Away Win
23-24,2024-04-28,Bournemouth,Brighton,H,H,0.206601543001105,0.25298521923028633,0.5404132377686086,True,Home Win,Home Win
23-24,2024-04-28,Nott'm Forest,Man City,A,A,0.5867064645010426,0.20724480894281547,0.206048726556142,True,Away Win,Away Win
23-24,2024-04-28,Tottenham,Arsenal,A,A,0.5272892266864623,0.2379096069736678,0.2348011663398699,True,Away Win,Away Win
23-24,2024-05-02,Chelsea,Tottenham,H,H,0.19097683595232115,0.20692328664493329,0.6020998774027456,True,Home Win,Home Win
23-24,2024-05-03,Luton,Everton,D,A,0.48067552883998954,0.22600962594341562,0.2933148452165948,False,Draw,Away Win
23-24,2024-05-04,Sheffield United,Nott'm Forest,A,A,0.45086873225950835,0.23985623783651958,0.3092750299039719,True,Away Win,Away Win
23-24,2024-05-04,Brentford,Fulham,D,H,0.18454203449624534,0.23883440726819993,0.5766235582355548,False,Draw,Home Win
23-24,2024-05-04,Burnley,Newcastle,A,A,0.414489825494314,0.25100166411423025,0.3345085103914558,True,Away Win,Away Win
23-24,2024-05-04,Man City,Wolves,H,H,0.05384996095703014,0.15351143831116865,0.7926386007318014,True,Home Win,Home Win
23-24,2024-05-04,Arsenal,Bournemouth,H,H,0.14687741984805047,0.21581740512280173,0.6373051750291479,True,Home Win,Home Win
23-24,2024-05-05,Brighton,Aston Villa,H,A,0.5660215617952264,0.21440340646527986,0.21957503173949358,False,Home Win,Away Win
23-24,2024-05-05,Liverpool,Tottenham,H,H,0.26451035344384655,0.24118042116482094,0.49430922539133254,True,Home Win,Home Win
23-24,2024-05-05,Chelsea,West Ham,H,H,0.17483060460644903,0.21095593482342193,0.614213460570129,True,Home Win,Home Win
23-24,2024-05-06,Crystal Palace,Man United,H,H,0.2210080118492427,0.22321448392964482,0.5557775042211125,True,Home Win,Home Win
23-24,2024-05-11,Wolves,Crystal Palace,A,A,0.6023884569418511,0.20938071637728337,0.1882308266808655,True,Away Win,Away Win
23-24,2024-05-11,West Ham,Luton,H,H,0.3195049541114499,0.23128901939437804,0.4492060264941721,True,Home Win,Home Win
23-24,2024-05-11,Everton,Sheffield United,H,H,0.13073892001014767,0.19998155285513317,0.6692795271347193,True,Home Win,Home Win
23-24,2024-05-11,Tottenham,Burnley,H,A,0.41927931807608093,0.24927159529451207,0.3314490866294069,False,Home Win,Away Win
23-24,2024-05-11,Newcastle,Brighton,D,H,0.06315936975106458,0.15673509755158713,0.7801055326973483,False,Draw,Home Win
23-24,2024-05-11,Nott'm Forest,Chelsea,A,A,0.5483022432976999,0.21585556392726316,0.23584219277503685,True,Away Win,Away Win
23-24,2024-05-11,Bournemouth,Brentford,A,A,0.3999320814280437,0.2584618959324952,0.34160602263946116,True,Away Win,Away Win
23-24,2024-05-11,Fulham,Man City,A,A,0.654118617785025,0.1867052134050251,0.1591761688099498,True,Away Win,Away Win
23-24,2024-05-12,Man United,Arsenal,A,A,0.47782686757296633,0.2304973005836355,0.29167583184339824,True,Away Win,Away Win
23-24,2024-05-13,Aston Villa,Liverpool,D,H,0.2549014860468738,0.2387916305788005,0.5063068833743257,False,Draw,Home Win
23-24,2024-05-14,Tottenham,Man City,A,A,0.7487459506975414,0.15393984328719873,0.09731420601525985,True,Away Win,Away Win
23-24,2024-05-15,Man United,Newcastle,H,A,0.52671677099346,0.22802000720277643,0.24526322180376353,False,Home Win,Away Win
23-24,2024-05-15,Brighton,Chelsea,A,A,0.49375638179073683,0.22530986476532497,0.2809337534439382,True,Away Win,Away Win
23-24,2024-05-19,Brighton,Man United,A,A,0.427184061258831,0.24066408900270825,0.33215184973846085,True,Away Win,Away Win
23-24,2024-05-19,Arsenal,Everton,H,H,0.14167577023951916,0.2189498861859474,0.6393743435745334,True,Home Win,Home Win
23-24,2024-05-19,Crystal Palace,Aston Villa,H,H,0.13565971271219496,0.20332459561342278,0.6610156916743822,True,Home Win,Home Win
23-24,2024-05-19,Man City,West Ham,H,H,0.03685076299724416,0.11332264436854972,0.8498265926342062,True,Home Win,Home Win
23-24,2024-05-19,Brentford,Newcastle,A,H,0.25978452287519005,0.24505104403558559,0.49516443308922437,False,Away Win,Home Win
23-24,2024-05-19,Chelsea,Bournemouth,H,H,0.1075399562619278,0.19561402242693082,0.6968460213111414,True,Home Win,Home Win
23-24,2024-05-19,Liverpool,Wolves,H,H,0.13890479462494204,0.20227496071981627,0.6588202446552417,True,Home Win,Home Win
23-24,2024-05-19,Burnley,Nott'm Forest,A,H,0.28761818453373134,0.24617798471517902,0.46620383075108957,False,Away Win,Home Win
23-24,2024-05-19,Luton,Fulham,A,A,0.4541407924161967,0.24684541520254055,0.29901379238126274,True,Away Win,Away Win
23-24,2024-05-19,Sheffield United,Tottenham,A,A,0.4535512583149472,0.235138572581161,0.31131016910389175,True,Away Win,Away Win
24-25,2024-08-16,Man United,Fulham,H,H,0.2720714943020912,0.24871961757707992,0.4792088881208289,True,Home Win,Home Win
24-25,2024-08-17,Everton,Brighton,A,H,0.18199037087342404,0.2524998099037101,0.5655098192228657,False,Away Win,Home Win
24-25,2024-08-17,Newcastle,Southampton,H,H,0.08893158508747573,0.1607394515635666,0.7503289633489577,True,Home Win,Home Win
24-25,2024-08-17,Arsenal,Wolves,H,H,0.05537728738154982,0.15259773812982724,0.792024974488623,True,Home Win,Home Win
24-25,2024-08-17,West Ham,Aston Villa,A,H,0.3585909025693099,0.2323172876197109,0.4090918098109792,False,Away Win,Home Win
24-25,2024-08-17,Nott'm Forest,Bournemouth,D,H,0.3204901520465456,0.25862889776112785,0.4208809501923266,False,Draw,Home Win
24-25,2024-08-18,Chelsea,Man City,A,H,0.2632558147821504,0.23470729320271969,0.5020368920151299,False,Away Win,Home Win
24-25,2024-08-18,Brentford,Crystal Palace,H,A,0.48944645773140616,0.23459845152425277,0.27595509074434105,False,Home Win,Away Win
24-25,2024-08-19,Leicester,Tottenham,D,H,0.34077370700324633,0.24669570180146352,0.4125305911952902,False,Draw,Home Win
24-25,2024-08-24,Tottenham,Everton,H,H,0.26003939289315453,0.25401796361783013,0.48594264348901534,True,Home Win,Home Win
24-25,2024-08-24,Brighton,Man United,H,H,0.2826016530782374,0.24598896370964912,0.4714093832121134,True,Home Win,Home Win
24-25,2024-08-24,Man City,Ipswich,H,H,0.04827041761019145,0.10979688796023061,0.841932694429578,True,Home Win,Home Win
24-25,2024-08-24,Crystal Palace,West Ham,A,H,0.09183673862988155,0.1674096626091221,0.7407535987609963,False,Away Win,Home Win
24-25,2024-08-24,Aston Villa,Arsenal,A,A,0.5211028001159336,0.21875370285549772,0.2601434970285687,True,Away Win,Away Win
24-25,2024-08-24,Southampton,Nott'm Forest,A,A,0.4446520881590652,0.23229630717727234,0.32305160466366245,True,Away Win,Away Win
24-25,2024-08-24,Fulham,Leicester,H,H,0.315712279780036,0.250639879297663,0.43364784092230096,True,Home Win,Home Win
24-25,2024-08-25,Bournemouth,Newcastle,D,A,0.46734520559165516,0.2299968276739463,0.30265796673439865,False,Draw,Away Win
24-25,2024-08-25,Wolves,Chelsea,A,A,0.5935626695358011,0.20485906407634494,0.20157826638785406,True,Away Win,Away Win
24-25,2024-08-25,Liverpool,Brentford,H,H,0.15211555976202656,0.21657423128323194,0.6313102089547414,True,Home Win,Home Win
24-25,2024-08-31,Leicester,Aston Villa,A,H,0.2777369590623146,0.24498924997707533,0.47727379096061007,False,Away Win,Home Win
24-25,2024-08-31,Brentford,Southampton,H,H,0.2468696158542981,0.2601338196112851,0.4929965645344168,True,Home Win,Home Win
24-25,2024-08-31,Everton,Bournemouth,A,A,0.3722698255044065,0.2734812249912725,0.354248949504321,True,Away Win,Away Win
24-25,2024-08-31,West Ham,Man City,A,A,0.5874996163495368,0.2091982696169128,0.20330211403355036,True,Away Win,Away Win
24-25,2024-08-31,Arsenal,Brighton,D,H,0.14001977658682108,0.2307155786213171,0.6292646447918618,False,Draw,Home Win
24-25,2024-08-31,Ipswich,Fulham,D,A,0.41289197348430057,0.3248434223277371,0.2622646041879623,False,Draw,Away Win
24-25,2024-08-31,Nott'm Forest,Wolves,D,H,0.08833644298294475,0.16993810379466434,0.7417254532223908,False,Draw,Home Win
24-25,2024-09-01,Chelsea,Crystal Palace,D,H,0.26990738753510274,0.2461812692807913,0.48391134318410595,False,Draw,Home Win
24-25,2024-09-01,Man United,Liverpool,A,A,0.39041787975193454,0.23934834275906366,0.37023377748900177,True,Away Win,Away Win
24-25,2024-09-01,Newcastle,Tottenham,H,H,0.3490405421177014,0.2533724523625934,0.39758700551970516,True,Home Win,Home Win
24-25,2024-09-14,Liverpool,Nott'm Forest,A,H,0.14294898216570953,0.21880444354183268,0.6382465742924578,False,Away Win,Home Win
24-25,2024-09-14,Brighton,Ipswich,D,H,0.20292146150462764,0.21337216398931647,0.5837063745060559,False,Draw,Home Win
24-25,2024-09-14,Aston Villa,Everton,H,H,0.23412812772315333,0.2404560005006252,0.5254158717762215,True,Home Win,Home Win
24-25,2024-09-14,Crystal Palace,Leicester,D,H,0.22639228895295352,0.2531500685684883,0.5204576424785582,False,Draw,Home Win
24-25,2024-09-14,Man City,Brentford,H,H,0.09989972824365262,0.1770252366604773,0.72307503509587,True,Home Win,Home Win
24-25,2024-09-14,Southampton,Man United,A,A,0.45961626471771533,0.23110086046069564,0.309282874821589,True,Away Win,Away Win
24-25,2024-09-14,Bournemouth,Chelsea,A,A,0.4120640498431512,0.23524089724418443,0.35269505291266445,True,Away Win,Away Win
24-25,2024-09-14,Fulham,West Ham,D,H,0.3114195924838526,0.2493774869927887,0.43920292052335874,False,Draw,Home Win
24-25,2024-09-15,Wolves,Newcastle,A,A,0.5804970759269827,0.2087999725535345,0.21070295151948273,True,Away Win,Away Win
24-25,2024-09-15,Tottenham,Arsenal,A,H,0.33339627889371753,0.24773569690188546,0.41886802420439706,False,Away Win,Home Win
24-25,2024-09-21,Tottenham,Brentford,H,H,0.2144762252976278,0.22669923737288977,0.5588245373294825,True,Home Win,Home Win
24-25,2024-09-21,Liverpool,Bournemouth,H,H,0.1568265936456417,0.2394447205519249,0.6037286858024334,True,Home Win,Home Win
24-25,2024-09-21,Leicester,Everton,D,H,0.20012370991805398,0.22788581373639238,0.5719904763455537,False,Draw,Home Win
24-25,2024-09-21,West Ham,Chelsea,A,A,0.4565152030262871,0.23618201919885307,0.30730277777485976,True,Away Win,Away Win
24-25,2024-09-21,Crystal Palace,Man United,D,H,0.31975293224285684,0.24749899766161865,0.43274807009552446,False,Draw,Home Win
24-25,2024-09-21,Aston Villa,Wolves,H,H,0.19483860503504427,0.2398777223750527,0.565283672589903,True,Home Win,Home Win
24-25,2024-09-21,Fulham,Newcastle,H,H,0.33821880015992933,0.23666483965778418,0.4251163601822866,True,Home Win,Home Win
24-25,2024-09-21,Southampton,Ipswich,D,A,0.3842177039156196,0.2520761258320081,0.3637061702523724,False,Draw,Away Win
24-25,2024-09-22,Man City,Arsenal,D,H,0.15520332729532804,0.21945657724749013,0.6253400954571818,False,Draw,Home Win
24-25,2024-09-22,Brighton,Nott'm Forest,D,H,0.3190013219938062,0.2614188669810353,0.41957981102515846,False,Draw,Home Win
24-25,2024-09-28,Wolves,Liverpool,A,A,0.6479425920931609,0.20201981170451505,0.1500375962023242,True,Away Win,Away Win
24-25,2024-09-28,Arsenal,Leicester,H,H,0.18401093356734358,0.2544848551203678,0.5615042113122886,True,Home Win,Home Win
24-25,2024-09-28,Newcastle,Man City,D,A,0.38749130262528003,0.24127561872418107,0.3712330786505389,False,Draw,Away Win
24-25,2024-09-28,Brentford,West Ham,D,H,0.27532383569007474,0.25506404311729647,0.4696121211926289,False,Draw,Home Win
24-25,2024-09-28,Chelsea,Brighton,H,H,0.23541433840861564,0.24840908679314622,0.5161765747982381,True,Home Win,Home Win
24-25,2024-09-28,Everton,Crystal Palace,H,A,0.44934822372680044,0.2608658466381975,0.28978592963500194,False,Home Win,Away Win
24-25,2024-09-28,Nott'm Forest,Fulham,A,H,0.2963379243660513,0.26631440475606016,0.4373476708778885,False,Away Win,Home Win
24-25,2024-09-29,Ipswich,Aston Villa,D,A,0.5043522190367382,0.22143021186847467,0.2742175690947871,False,Draw,Away Win
24-25,2024-09-29,Man United,Tottenham,A,A,0.3895362829082868,0.2687915803952699,0.34167213669644336,True,Away Win,Away Win
24-25,2024-09-30,Bournemouth,Southampton,H,H,0.2680197972509529,0.273222576490472,0.4587576262585752,True,Home Win,Home Win
24-25,2024-10-05,Brentford,Wolves,H,H,0.26358142639830023,0.24052547668673097,0.4958930969149689,True,Home Win,Home Win
24-25,2024-10-05,Everton,Newcastle,D,A,0.3963813610533875,0.2441412359731377,0.35947740297347475,False,Draw,Away Win
24-25,2024-10-05,Leicester,Bournemouth,H,A,0.3977617882712304,0.24016922301190222,0.36206898871686727,False,Home Win,Away Win
24-25,2024-10-05,Arsenal,Southampton,H,H,0.11321406211378522,0.2128202779385586,0.6739656599476562,True,Home Win,Home Win
24-25,2024-10-05,West Ham,Ipswich,H,H,0.3305557033833591,0.26658829403705653,0.4028560025795843,True,Home Win,Home Win
24-25,2024-10-05,Man City,Fulham,H,H,0.21449511763434753,0.23391827499585116,0.5515866073698014,True,Home Win,Home Win
24-25,2024-10-05,Crystal Palace,Liverpool,A,A,0.5533088077671939,0.23003207345927834,0.2166591187735278,True,Away Win,Away Win
24-25,2024-10-06,Aston Villa,Man United,D,H,0.1758474211066508,0.24020696497190894,0.5839456139214402,False,Draw,Home Win
24-25,2024-10-06,Brighton,Tottenham,H,A,0.4489591200556257,0.25164664460757613,0.29939423533679804,False,Home Win,Away Win
24-25,2024-10-06,Chelsea,Nott'm Forest,D,H,0.12016504593016347,0.2109179518262296,0.6689170022436068,False,Draw,Home Win
24-25,2024-10-19,Man United,Brentford,H,A,0.4257207077042138,0.24192058178422246,0.33235871051156385,False,Home Win,Away Win
24-25,2024-10-19,Newcastle,Brighton,A,H,0.2874342451898646,0.25208986168896363,0.4604758931211717,False,Away Win,Home Win
24-25,2024-10-19,Tottenham,West Ham,H,H,0.2520229702060683,0.24183695198784302,0.5061400778060887,True,Home Win,Home Win
24-25,2024-10-19,Bournemouth,Arsenal,H,A,0.43473936967308857,0.23753831877428064,0.32772231155263076,False,Home Win,Away Win
24-25,2024-10-19,Fulham,Aston Villa,A,H,0.3246010828454553,0.24057834495708447,0.4348205721974603,False,Away Win,Home Win
24-25,2024-10-19,Ipswich,Everton,A,A,0.3796580099730421,0.2584651642890195,0.3618768257379384,True,Away Win,Away Win
24-25,2024-10-19,Southampton,Leicester,A,A,0.48258673677186903,0.23968999628186483,0.2777232669462662,True,Away Win,Away Win
24-25,2024-10-20,Liverpool,Chelsea,H,H,0.2479429915089993,0.24907970932648096,0.5029772991645198,True,Home Win,Home Win
24-25,2024-10-20,Wolves,Man City,A,A,0.5267861678867316,0.21072430507877915,0.2624895270344892,True,Away Win,Away Win
24-25,2024-10-21,Nott'm Forest,Crystal Palace,H,H,0.3014790403194419,0.2838723463399361,0.414648613340622,True,Home Win,Home Win
24-25,2024-10-25,Leicester,Nott'm Forest,A,H,0.28413778803438583,0.2616800703915322,0.45418214157408204,False,Away Win,Home Win
24-25,2024-10-26,Brentford,Ipswich,H,H,0.26742839294928794,0.2504563679650307,0.48211523908568127,True,Home Win,Home Win
24-25,2024-10-26,Everton,Fulham,D,H,0.2731426323924961,0.24857917271716493,0.478278194890339,False,Draw,Home Win
24-25,2024-10-26,Brighton,Wolves,D,H,0.1953593633469544,0.23461351987444704,0.5700271167785986,False,Draw,Home Win
24-25,2024-10-26,Aston Villa,Bournemouth,D,H,0.17155838755179115,0.23870213022340914,0.5897394822247998,False,Draw,Home Win
24-25,2024-10-26,Man City,Southampton,H,H,0.12502763004364045,0.20929363979123836,0.6656787301651212,True,Home Win,Home Win
24-25,2024-10-27,Crystal Palace,Tottenham,H,A,0.5525052936676143,0.2255365307601051,0.22195817557228054,False,Home Win,Away Win
24-25,2024-10-27,West Ham,Man United,H,A,0.3720911088414212,0.26248536623977214,0.3654235249188066,False,Home Win,Away Win
24-25,2024-10-27,Arsenal,Liverpool,D,H,0.28198869111390135,0.24782577423488683,0.4701855346512119,False,Draw,Home Win
24-25,2024-10-27,Chelsea,Newcastle,H,H,0.17572395420727427,0.24583713007782831,0.5784389157148974,True,Home Win,Home Win
24-25,2024-11-02,Newcastle,Arsenal,H,A,0.49659107105416966,0.22820516610904107,0.27520376283678927,False,Home Win,Away Win
24-25,2024-11-02,Liverpool,Brighton,H,H,0.1663738716631191,0.21232935163941888,0.6212967766974621,True,Home Win,Home Win
24-25,2024-11-02,Wolves,Crystal Palace,D,A,0.39835182576219463,0.27046664072851884,0.3311815335092866,False,Draw,Away Win
24-25,2024-11-02,Nott'm Forest,West Ham,H,H,0.24403411922008872,0.2342811038195106,0.5216847769604007,True,Home Win,Home Win
24-25,2024-11-02,Southampton,Everton,H,A,0.5155381248279532,0.24160438120388952,0.2428574939681573,False,Home Win,Away Win
24-25,2024-11-02,Ipswich,Leicester,D,A,0.40561825678436475,0.23015263522988133,0.36422910798575386,False,Draw,Away Win
24-25,2024-11-02,Bournemouth,Man City,H,H,0.359811890285585,0.2439637507459344,0.3962243589684807,True,Home Win,Home Win
24-25,2024-11-03,Tottenham,Aston Villa,H,H,0.23997208488445487,0.23936973195627298,0.5206581831592721,True,Home Win,Home Win
24-25,2024-11-03,Man United,Chelsea,D,A,0.49006374123107194,0.23896287103393563,0.2709733877349925,False,Draw,Away Win
24-25,2024-11-04,Fulham,Brentford,H,H,0.3032106391835835,0.226084084362097,0.4707052764543196,True,Home Win,Home Win
24-25,2024-11-09,Brentford,Bournemouth,H,H,0.30940643870887735,0.24382211575783885,0.4467714455332838,True,Home Win,Home Win
24-25,2024-11-09,Liverpool,Aston Villa,H,H,0.17567261534283762,0.23797762258260957,0.5863497620745528,True,Home Win,Home Win
24-25,2024-11-09,Wolves,Southampton,H,H,0.3138423008055352,0.24507128952719706,0.44108640966726775,True,Home Win,Home Win
24-25,2024-11-09,Brighton,Man City,H,H,0.3255065783136647,0.2415218703909658,0.4329715512953694,True,Home Win,Home Win
24-25,2024-11-09,West Ham,Everton,D,H,0.3412217703920571,0.26987030811924645,0.38890792148869646,False,Draw,Home Win
24-25,2024-11-09,Crystal Palace,Fulham,A,A,0.37601461136586994,0.2516306872409021,0.372354701393228,True,Away Win,Away Win
24-25,2024-11-10,Tottenham,Ipswich,A,H,0.11913147904343878,0.1915215410624746,0.6893469798940868,False,Away Win,Home Win
24-25,2024-11-10,Man United,Leicester,H,H,0.35883366651389464,0.24380775515412847,0.3973585783319769,True,Home Win,Home Win
24-25,2024-11-10,Chelsea,Arsenal,D,H,0.27272903793680964,0.24347358615904993,0.4837973759041405,False,Draw,Home Win
24-25,2024-11-10,Nott'm Forest,Newcastle,A,H,0.19946537051929786,0.2696667062231997,0.5308679232575025,False,Away Win,Home Win
24-25,2024-11-23,Fulham,Wolves,A,H,0.287162676655348,0.2394121497373502,0.47342517360730185,False,Away Win,Home Win
24-25,2024-11-23,Bournemouth,Brighton,A,H,0.324661042649903,0.24093194308327046,0.43440701426682654,False,Away Win,Home Win
24-25,2024-11-23,Everton,Brentford,D,A,0.38781923060483686,0.22739232270090748,0.3847884466942556,False,Draw,Away Win
24-25,2024-11-23,Leicester,Chelsea,A,H,0.34243662245052575,0.26858489896641224,0.38897847858306206,False,Away Win,Home Win
24-25,2024-11-23,Aston Villa,Crystal Palace,D,H,0.32617869791780235,0.27769885090146745,0.3961224511807301,False,Draw,Home Win
24-25,2024-11-23,Man City,Tottenham,A,H,0.3143358947485372,0.2554512880319924,0.4302128172194704,False,Away Win,Home Win
24-25,2024-11-23,Arsenal,Nott'm Forest,H,A,0.4168069706548665,0.24688752538170705,0.33630550396342646,False,Home Win,Away Win
24-25,2024-11-24,Ipswich,Man United,D,A,0.4462757328694831,0.2536962171815696,0.3000280499489474,False,Draw,Away Win
24-25,2024-11-24,Southampton,Liverpool,A,A,0.5244062038120246,0.22466938974216327,0.2509244064458121,True,Away Win,Away Win
24-25,2024-11-25,Newcastle,West Ham,A,H,0.2803712999004224,0.2472737548117348,0.47235494528784266,False,Away Win,Home Win
24-25,2024-11-29,Brighton,Southampton,D,H,0.19127508762236106,0.2494694668810683,0.5592554454965706,False,Draw,Home Win
24-25,2024-11-30,Wolves,Bournemouth,A,H,0.23639578535011602,0.23876670072457878,0.5248375139253053,False,Away Win,Home Win
24-25,2024-11-30,West Ham,Arsenal,A,H,0.35233527117130636,0.27582519432142766,0.37183953450726603,False,Away Win,Home Win
24-25,2024-11-30,Crystal Palace,Newcastle,D,H,0.3495398209938661,0.26726189520552823,0.3831982838006057,False,Draw,Home Win
24-25,2024-11-30,Brentford,Leicester,H,H,0.2173262958417137,0.23215922587213578,0.5505144782861505,True,Home Win,Home Win
24-25,2024-11-30,Nott'm Forest,Ipswich,H,H,0.2353339109689677,0.24737388205383928,0.517292206977193,True,Home Win,Home Win
24-25,2024-12-01,Man United,Everton,H,H,0.2625663725530711,0.28387194310228137,0.4535616843446476,True,Home Win,Home Win
24-25,2024-12-01,Chelsea,Aston Villa,H,H,0.2403847414848085,0.24350335343333737,0.5161119050818541,True,Home Win,Home Win
24-25,2024-12-01,Tottenham,Fulham,D,H,0.145338474243852,0.20051964669744807,0.6541418790587,False,Draw,Home Win
24-25,2024-12-01,Liverpool,Man City,H,H,0.12555319041693247,0.2076975271722257,0.6667492824108417,True,Home Win,Home Win
24-25,2024-12-03,Leicester,West Ham,H,A,0.4616075132673513,0.2346115132546656,0.30378097347798316,False,Home Win,Away Win
24-25,2024-12-03,Ipswich,Crystal Palace,A,H,0.32316220987663874,0.25676284333894833,0.420074946784413,False,Away Win,Home Win
24-25,2024-12-04,Southampton,Chelsea,A,A,0.4886394803406636,0.24056975841836742,0.270790761240969,True,Away Win,Away Win
24-25,2024-12-04,Newcastle,Liverpool,D,A,0.41251130027096694,0.23712729038060193,0.35036140934843113,False,Draw,Away Win
24-25,2024-12-04,Everton,Wolves,H,A,0.5314795548287581,0.22708326293033393,0.24143718224090802,False,Home Win,Away Win
24-25,2024-12-04,Aston Villa,Brentford,H,A,0.56640788964871,0.20938397946577583,0.22420813088551408,False,Home Win,Away Win
24-25,2024-12-04,Man City,Nott'm Forest,H,A,0.49025586630936585,0.23597500045082487,0.2737691332398093,False,Home Win,Away Win
24-25,2024-12-04,Arsenal,Man United,H,H,0.302175102797132,0.2569093021421144,0.44091559506075356,True,Home Win,Home Win
24-25,2024-12-05,Bournemouth,Tottenham,H,H,0.35123927532834504,0.25825830300392927,0.3905024216677257,True,Home Win,Home Win
24-25,2024-12-05,Fulham,Brighton,H,H,0.3069036448381139,0.2517379020338636,0.4413584531280225,True,Home Win,Home Win
24-25,2024-12-07,Aston Villa,Southampton,H,H,0.3184851353459778,0.24636383560139058,0.4351510290526316,True,Home Win,Home Win
24-25,2024-12-07,Crystal Palace,Man City,D,H,0.26080596063123124,0.2554614452874253,0.4837325940813435,False,Draw,Home Win
24-25,2024-12-07,Man United,Nott'm Forest,A,H,0.17689544960424725,0.22410582584002361,0.5989987245557291,False,Away Win,Home Win
24-25,2024-12-07,Brentford,Newcastle,H,H,0.2918346294723284,0.2439746050319139,0.46419076549575766,True,Home Win,Home Win
24-25,2024-12-08,Leicester,Brighton,D,A,0.3902592137139153,0.24641278454513055,0.36332800174095414,False,Draw,Away Win
24-25,2024-12-08,Tottenham,Chelsea,A,H,0.3567235417557976,0.24400297251202988,0.3992734857321726,False,Away Win,Home Win
24-25,2024-12-08,Fulham,Arsenal,D,H,0.34041983484604893,0.2569648089383366,0.40261535621561456,False,Draw,Home Win
24-25,2024-12-08,Ipswich,Bournemouth,A,A,0.4058564103713889,0.24213492918268742,0.3520086604459237,True,Away Win,Away Win
24-25,2024-12-09,West Ham,Wolves,H,A,0.4183025835716935,0.23205517371996517,0.3496422427083413,False,Home Win,Away Win
24-25,2024-12-14,Arsenal,Everton,D,H,0.14588714985483897,0.2364131491110824,0.6176997010340787,False,Draw,Home Win
24-25,2024-12-14,Wolves,Ipswich,A,H,0.28633455648481093,0.2674488609864783,0.44621658252871077,False,Away Win,Home Win
24-25,2024-12-14,Liverpool,Fulham,D,H,0.1633703740042751,0.22183319742511645,0.6147964285706085,False,Draw,Home Win
24-25,2024-12-14,Newcastle,Leicester,H,H,0.25869826596885487,0.23042180802332077,0.5108799260078244,True,Home Win,Home Win
24-25,2024-12-14,Nott'm Forest,Aston Villa,H,H,0.36403079118953574,0.2536475860980338,0.38232162271243053,True,Home Win,Home Win
24-25,2024-12-15,Southampton,Tottenham,A,A,0.5262605401810019,0.23935293609870897,0.23438652372028915,True,Away Win,Away Win
24-25,2024-12-15,Chelsea,Brentford,H,H,0.15749907270313263,0.1984649652568686,0.6440359620399988,True,Home Win,Home Win
24-25,2024-12-15,Brighton,Crystal Palace,A,H,0.26722197275420995,0.25610796980927725,0.4766700574365129,False,Away Win,Home Win
24-25,2024-12-15,Man City,Man United,A,A,0.4700810784195065,0.246939946655251,0.2829789749252423,True,Away Win,Away Win
24-25,2024-12-16,Bournemouth,West Ham,D,H,0.20895634971419752,0.22740097439261425,0.5636426758931882,False,Draw,Home Win
24-25,2024-12-21,Ipswich,Newcastle,A,A,0.40184583054720596,0.2489398117521046,0.3492143577006893,True,Away Win,Away Win
24-25,2024-12-21,Crystal Palace,Arsenal,A,H,0.35824719442134006,0.25527171028496226,0.38648109529369756,False,Away Win,Home Win
24-25,2024-12-21,Aston Villa,Man City,H,H,0.2556836837143079,0.24907990755298134,0.4952364087327107,True,Home Win,Home Win
24-25,2024-12-21,West Ham,Brighton,D,H,0.2716569472167296,0.24360883767522126,0.4847342151080491,False,Draw,Home Win
24-25,2024-12-21,Brentford,Nott'm Forest,A,H,0.2123904772401914,0.21554188406932087,0.5720676386904877,False,Away Win,Home Win
24-25,2024-12-22,Man United,Bournemouth,A,H,0.31203657473330787,0.240711162865368,0.4472522624013241,False,Away Win,Home Win
24-25,2024-12-22,Everton,Chelsea,D,A,0.5257998046923887,0.21212417457130286,0.26207602073630837,False,Draw,Away Win
24-25,2024-12-22,Leicester,Wolves,A,H,0.33244678519636456,0.238511602130882,0.4290416126727535,False,Away Win,Home Win
24-25,2024-12-22,Tottenham,Liverpool,A,H,0.26100297358174873,0.21671277518626192,0.5222842512319894,False,Away Win,Home Win
24-25,2024-12-22,Fulham,Southampton,D,H,0.1697111810300007,0.21403784040168086,0.6162509785683183,False,Draw,Home Win
24-25,2024-12-26,Bournemouth,Crystal Palace,D,H,0.1417246686364939,0.20579007298646257,0.6524852583770436,False,Draw,Home Win
24-25,2024-12-26,Southampton,West Ham,A,A,0.4652664463462297,0.23918089509030357,0.2955526585634666,True,Away Win,Away Win
24-25,2024-12-26,Nott'm Forest,Tottenham,H,H,0.22916823437847816,0.2401169762184343,0.5307147894030875,True,Home Win,Home Win
24-25,2024-12-26,Liverpool,Leicester,H,H,0.08176606322319055,0.15481448604741177,0.7634194507293977,True,Home Win,Home Win
24-25,2024-12-26,Newcastle,Aston Villa,H,H,0.1810688837193125,0.20967096606717223,0.6092601502135152,True,Home Win,Home Win
24-25,2024-12-26,Chelsea,Fulham,A,H,0.142835005370513,0.22376821816979167,0.6333967764596954,False,Away Win,Home Win
24-25,2024-12-26,Wolves,Man United,H,A,0.3982659051181819,0.241401276116461,0.36033281876535694,False,Home Win,Away Win
24-25,2024-12-26,Man City,Everton,D,H,0.34782154084578093,0.27115236568599277,0.38102609346822636,False,Draw,Home Win
24-25,2024-12-27,Brighton,Brentford,D,A,0.41838643719544016,0.23709942662972658,0.34451413617483334,False,Draw,Away Win
24-25,2024-12-27,Arsenal,Ipswich,H,H,0.09454376992955409,0.19470105163212734,0.7107551784383186,True,Home Win,Home Win
24-25,2024-12-29,West Ham,Liverpool,A,A,0.42946153101539614,0.22677486487647297,0.343763604108131,True,Away Win,Away Win
24-25,2024-12-29,Crystal Palace,Southampton,H,H,0.15652956247368605,0.23093811755446766,0.6125323199718462,True,Home Win,Home Win
24-25,2024-12-29,Everton,Nott'm Forest,A,H,0.3630615312593324,0.24001443196948932,0.39692403677117816,False,Away Win,Home Win
24-25,2024-12-29,Leicester,Man City,A,A,0.45015966905971916,0.2542309754703274,0.2956093554699535,True,Away Win,Away Win
24-25,2024-12-29,Tottenham,Wolves,D,H,0.31497375493144425,0.2378520401904127,0.44717420487814297,False,Draw,Home Win
24-25,2024-12-29,Fulham,Bournemouth,D,H,0.3112694453094415,0.2632156553197755,0.4255148993707829,False,Draw,Home Win
24-25,2024-12-30,Ipswich,Chelsea,H,A,0.5552024909032488,0.21885949285663772,0.22593801624011356,False,Home Win,Away Win
24-25,2024-12-30,Man United,Newcastle,A,A,0.6297396855409907,0.19746662920702962,0.17279368525197963,True,Away Win,Away Win
24-25,2024-12-30,Aston Villa,Brighton,D,H,0.22452175556853146,0.25828540764321806,0.5171928367882505,False,Draw,Home Win
24-25,2025-01-01,Brentford,Arsenal,A,A,0.5024299289335042,0.24273282296034399,0.25483724810615177,True,Away Win,Away Win
24-25,2025-01-04,Tottenham,Newcastle,A,A,0.48454719362963905,0.21803203258775702,0.29742077378260384,True,Away Win,Away Win
24-25,2025-01-04,Aston Villa,Leicester,H,H,0.1802238297865104,0.22913536075402618,0.5906408094594635,True,Home Win,Home Win
24-25,2025-01-04,Crystal Palace,Chelsea,D,H,0.27713791257763803,0.24682159158354552,0.4760404958388164,False,Draw,Home Win
24-25,2025-01-04,Man City,West Ham,H,H,0.2776964499727413,0.23917173731562608,0.48313181271163264,True,Home Win,Home Win
24-25,2025-01-04,Brighton,Arsenal,D,A,0.49427020006412886,0.23970476405016936,0.2660250358857018,False,Draw,Away Win
24-25,2025-01-04,Southampton,Brentford,A,A,0.48070419130966147,0.25055547876817424,0.26874032992216434,True,Away Win,Away Win
24-25,2025-01-04,Bournemouth,Everton,H,H,0.2593506464019697,0.27940500973180527,0.461244343866225,True,Home Win,Home Win
24-25,2025-01-05,Fulham,Ipswich,D,H,0.2474704513750165,0.2487654296356924,0.5037641189892911,False,Draw,Home Win
24-25,2025-01-05,Liverpool,Man United,D,H,0.063886537019943,0.15046852458774548,0.7856449383923115,False,Draw,Home Win
24-25,2025-01-06,Wolves,Nott'm Forest,A,H,0.3621634397468382,0.23335630626633705,0.4044802539868247,False,Away Win,Home Win
24-25,2025-01-14,West Ham,Fulham,H,A,0.4532640288633621,0.2511928801688489,0.2955430909677891,False,Home Win,Away Win
24-25,2025-01-14,Brentford,Man City,D,A,0.3965328892831373,0.25307638459514636,0.35039072612171623,False,Draw,Away Win
24-25,2025-01-14,Chelsea,Bournemouth,D,A,0.4421089958555675,0.26294550803063405,0.29494549611379833,False,Draw,Away Win
24-25,2025-01-14,Nott'm Forest,Liverpool,D,H,0.25570088333632596,0.23124222209436487,0.5130568945693093,False,Draw,Home Win
24-25,2025-01-15,Everton,Aston Villa,A,A,0.4130153635690277,0.24947185149274406,0.33751278493822834,True,Away Win,Away Win
24-25,2025-01-15,Leicester,Crystal Palace,A,A,0.56338117755621,0.2186653946648513,0.2179534277789386,True,Away Win,Away Win
24-25,2025-01-15,Newcastle,Wolves,H,H,0.09120080512255561,0.1861043339561134,0.722694860921331,True,Home Win,Home Win
24-25,2025-01-15,Arsenal,Tottenham,H,H,0.18312840635227495,0.22736703638108832,0.5895045572666366,True,Home Win,Home Win
24-25,2025-01-16,Man United,Southampton,H,H,0.24291323798141817,0.24868681905714055,0.5083999429614412,True,Home Win,Home Win
24-25,2025-01-16,Ipswich,Brighton,A,H,0.30133417587634737,0.27246290336970275,0.4262029207539499,False,Away Win,Home Win
24-25,2025-01-18,Brentford,Liverpool,A,A,0.4963608601643524,0.21868004096056454,0.28495909887508303,True,Away Win,Away Win
24-25,2025-01-18,Newcastle,Bournemouth,A,H,0.12225620856371941,0.21277492270561946,0.6649688687306612,False,Away Win,Home Win
24-25,2025-01-18,Leicester,Fulham,A,A,0.5608305353509088,0.22628094590159623,0.21288851874749498,True,Away Win,Away Win
24-25,2025-01-18,Arsenal,Aston Villa,D,H,0.13686169569128634,0.20229148894557564,0.6608468153631379,False,Draw,Home Win
24-25,2025-01-18,West Ham,Crystal Palace,A,H,0.35627346167296914,0.2536675709906446,0.39005896733638623,False,Away Win,Home Win
24-25,2025-01-19,Man United,Brighton,A,A,0.44637988561758357,0.2626954387593296,0.2909246756230867,True,Away Win,Away Win
24-25,2025-01-19,Everton,Tottenham,H,A,0.37785874413209547,0.257816661449582,0.36432459441832266,False,Home Win,Away Win
24-25,2025-01-19,Ipswich,Man City,A,A,0.4994087758818598,0.24196919116282248,0.2586220329553177,True,Away Win,Away Win
24-25,2025-01-19,Nott'm Forest,Southampton,H,H,0.08473050377276306,0.1988914124210688,0.7163780838061681,True,Home Win,Home Win
24-25,2025-01-20,Chelsea,Wolves,H,A,0.4011268554466813,0.24845591178837564,0.3504172327649431,False,Home Win,Away Win
24-25,2025-01-25,Liverpool,Ipswich,H,H,0.08695638223179657,0.17627840899495156,0.7367652087732519,True,Home Win,Home Win
24-25,2025-01-25,Wolves,Arsenal,A,A,0.49664449498569957,0.23288902894094343,0.27046647607335694,True,Away Win,Away Win
24-25,2025-01-25,Brighton,Everton,A,H,0.19513145813827606,0.2545825752973472,0.5502859665643768,False,Away Win,Home Win
24-25,2025-01-25,Man City,Chelsea,H,H,0.11491495210539342,0.1983932138172101,0.6866918340773965,True,Home Win,Home Win
24-25,2025-01-25,Southampton,Newcastle,A,A,0.6409263513116791,0.19170102736919842,0.16737262131912253,True,Away Win,Away Win
24-25,2025-01-25,Bournemouth,Nott'm Forest,H,H,0.32692362470347086,0.24586028878355012,0.427216086512979,True,Home Win,Home Win
24-25,2025-01-26,Fulham,Man United,A,H,0.19649786106428105,0.23170921885608603,0.571792920079633,False,Away Win,Home Win
24-25,2025-01-26,Crystal Palace,Brentford,A,H,0.22836793635185296,0.26317421947681424,0.5084578441713328,False,Away Win,Home Win
24-25,2025-01-26,Aston Villa,West Ham,D,H,0.18765692308349063,0.21231975845178025,0.6000233184647291,False,Draw,Home Win
24-25,2025-01-26,Tottenham,Leicester,A,H,0.28933310369126014,0.2588471372898457,0.4518197590188942,False,Away Win,Home Win
24-25,2025-02-01,Newcastle,Fulham,A,H,0.17807056531734042,0.23659256017200037,0.5853368745106593,False,Away Win,Home Win
24-25,2025-02-01,Everton,Leicester,H,H,0.26881203635403134,0.26739427540819677,0.4637936882377719,True,Home Win,Home Win
24-25,2025-02-01,Wolves,Aston Villa,H,A,0.5571717865740041,0.22368868111656537,0.21913953230943048,False,Home Win,Away Win
24-25,2025-02-01,Bournemouth,Liverpool,A,H,0.26360067712798646,0.23640979271422408,0.4999895301577894,False,Away Win,Home Win
24-25,2025-02-01,Ipswich,Southampton,A,H,0.28501879989010803,0.240078262522483,0.4749029375874089,False,Away Win,Home Win
24-25,2025-02-01,Nott'm Forest,Brighton,H,H,0.285088630695419,0.25971037120357726,0.4552009981010037,True,Home Win,Home Win
24-25,2025-02-02,Arsenal,Man City,H,A,0.4142124728988923,0.240904919605447,0.3448826074956608,False,Home Win,Away Win
24-25,2025-02-02,Man United,Crystal Palace,A,A,0.3767160672869793,0.25596900752023954,0.36731492519278114,True,Away Win,Away Win
24-25,2025-02-02,Brentford,Tottenham,A,H,0.21151883818926573,0.2426888061425034,0.5457923556682309,False,Away Win,Home Win
24-25,2025-02-03,Chelsea,West Ham,H,H,0.21571579908397695,0.21804444172650675,0.5662397591895163,True,Home Win,Home Win
24-25,2025-02-12,Everton,Liverpool,D,H,0.3405562922635102,0.25265552676445574,0.4067881809720341,False,Draw,Home Win
24-25,2025-02-14,Brighton,Chelsea,H,H,0.37404105836908513,0.24759776709810868,0.3783611745328062,True,Home Win,Home Win
24-25,2025-02-15,West Ham,Brentford,A,A,0.445507331972882,0.24593801599151557,0.3085546520356024,True,Away Win,Away Win
24-25,2025-02-15,Aston Villa,Ipswich,D,H,0.14766699296360977,0.20913156335515462,0.6432014436812356,False,Draw,Home Win
24-25,2025-02-15,Crystal Palace,Everton,A,H,0.2854793257412629,0.2518609050092047,0.4626597692495324,False,Away Win,Home Win
24-25,2025-02-15,Man City,Newcastle,H,H,0.16831080615096153,0.19956583973916994,0.6321233541098685,True,Home Win,Home Win
24-25,2025-02-15,Leicester,Arsenal,A,A,0.5886926967450827,0.21489928910797085,0.19640801414694645,True,Away Win,Away Win
24-25,2025-02-15,Southampton,Bournemouth,A,A,0.5917217124991989,0.21226442255769504,0.19601386494310608,True,Away Win,Away Win
24-25,2025-02-15,Fulham,Nott'm Forest,H,A,0.3921701838131892,0.23238959350441885,0.37544022268239197,False,Home Win,Away Win
24-25,2025-02-16,Tottenham,Man United,H,H,0.3615545167213831,0.24326500532625814,0.3951804779523588,True,Home Win,Home Win
24-25,2025-02-16,Liverpool,Wolves,H,H,0.10475515204173902,0.201216681011191,0.69402816694707,True,Home Win,Home Win
24-25,2025-02-19,Aston Villa,Liverpool,D,A,0.48447746905999733,0.23374885670834727,0.2817736742316554,False,Draw,Away Win
24-25,2025-02-21,Leicester,Brentford,A,A,0.46548072308449284,0.2508785344608469,0.2836407424546602,True,Away Win,Away Win
24-25,2025-02-22,Everton,Man United,D,H,0.12728435362361226,0.2160297981660435,0.6566858482103443,False,Draw,Home Win
24-25,2025-02-22,Aston Villa,Chelsea,H,H,0.3427853203055498,0.23737653434108114,0.41983814535336894,True,Home Win,Home Win
24-25,2025-02-22,Arsenal,West Ham,A,H,0.11522989724219072,0.21364594371698353,0.6711241590408258,False,Away Win,Home Win
24-25,2025-02-22,Fulham,Crystal Palace,A,H,0.3102681455245725,0.26224166022319445,0.42749019425223306,False,Away Win,Home Win
24-25,2025-02-22,Bournemouth,Wolves,A,H,0.10877116441340187,0.19989277737135128,0.6913360582152469,False,Away Win,Home Win
24-25,2025-02-22,Southampton,Brighton,A,A,0.4060333740280166,0.22785608835563526,0.3661105376163482,True,Away Win,Away Win
24-25,2025-02-22,Ipswich,Tottenham,A,A,0.5563668110467677,0.23108675992746341,0.21254642902576903,True,Away Win,Away Win
24-25,2025-02-23,Man City,Liverpool,A,H,0.20892299344657636,0.21089723057780452,0.5801797759756191,False,Away Win,Home Win
24-25,2025-02-23,Newcastle,Nott'm Forest,H,A,0.38244821246871,0.23520952585128038,0.3823422616800096,False,Home Win,Away Win
24-25,2025-02-25,Chelsea,Southampton,H,H,0.22992639515165084,0.22715290973356939,0.5429206951147797,True,Home Win,Home Win
24-25,2025-02-25,Crystal Palace,Aston Villa,H,H,0.22029483444581574,0.25026915581579734,0.5294360097383869,True,Home Win,Home Win
24-25,2025-02-25,Brighton,Bournemouth,H,H,0.35872601975477664,0.2520332084022346,0.3892407718429889,True,Home Win,Home Win
24-25,2025-02-25,Wolves,Fulham,A,H,0.35659991406188346,0.2595333352722856,0.383866750665831,False,Away Win,Home Win
24-25,2025-02-26,Brentford,Everton,D,H,0.3550134477246439,0.24994468210326054,0.39504187017209563,False,Draw,Home Win
24-25,2025-02-26,Man United,Ipswich,H,H,0.21552772161015277,0.2222633657301449,0.5622089126597023,True,Home Win,Home Win
24-25,2025-02-26,Liverpool,Newcastle,H,H,0.13798953759217028,0.1884357476409767,0.673574714766853,True,Home Win,Home Win
24-25,2025-02-26,Tottenham,Man City,A,H,0.3144694615717734,0.2358401982613495,0.44969034016687714,False,Away Win,Home Win
24-25,2025-02-26,Nott'm Forest,Arsenal,D,H,0.34029720926581886,0.23796307673292494,0.42173971400125626,False,Draw,Home Win
24-25,2025-02-27,West Ham,Leicester,H,H,0.2366072277274747,0.2400229625446355,0.5233698097278898,True,Home Win,Home Win
24-25,2025-03-08,Wolves,Everton,D,A,0.42356528715659486,0.24953096553798662,0.32690374730541844,False,Draw,Away Win
24-25,2025-03-08,Brighton,Fulham,H,H,0.2578930109179833,0.24491451394271802,0.4971924751392988,True,Home Win,Home Win
24-25,2025-03-08,Crystal Palace,Ipswich,H,H,0.12812101507677529,0.20235216880202114,0.6695268161212036,True,Home Win,Home Win
24-25,2025-03-08,Liverpool,Southampton,H,H,0.08878938163643883,0.1706730639093856,0.7405375544541755,True,Home Win,Home Win
24-25,2025-03-08,Brentford,Aston Villa,A,H,0.1749258883728323,0.2290486505547217,0.596025461072446,False,Away Win,Home Win
24-25,2025-03-08,Nott'm Forest,Man City,H,H,0.3229883052735229,0.22595908458609415,0.45105261014038295,True,Home Win,Home Win
24-25,2025-03-09,Man United,Arsenal,D,A,0.41865367228967565,0.26503955160030035,0.3163067761100239,False,Draw,Away Win
24-25,2025-03-09,Chelsea,Leicester,H,H,0.1654949050346698,0.2136593779651385,0.6208457170001916,True,Home Win,Home Win
24-25,2025-03-09,Tottenham,Bournemouth,D,H,0.28072573708450493,0.26422823191659717,0.45504603099889795,False,Draw,Home Win
24-25,2025-03-10,West Ham,Newcastle,A,H,0.25360383935355535,0.23320246787689705,0.5131936927695476,False,Away Win,Home Win
24-25,2025-03-15,Man City,Brighton,D,H,0.38191473975999823,0.22264138831795158,0.39544387192205016,False,Draw,Home Win
24-25,2025-03-15,Everton,West Ham,D,H,0.2807220727078773,0.27226578780801813,0.4470121394841046,False,Draw,Home Win
24-25,2025-03-15,Ipswich,Nott'm Forest,A,A,0.5815400293627785,0.22049821382056253,0.197961756816659,True,Away Win,Away Win
24-25,2025-03-15,Southampton,Wolves,A,A,0.5203489754164592,0.24516006902415519,0.23449095555938554,True,Away Win,Away Win
24-25,2025-03-15,Bournemouth,Brentford,A,A,0.4039169727404387,0.2653424982430638,0.3307405290164975,True,Away Win,Away Win
24-25,2025-03-16,Fulham,Tottenham,H,H,0.3570009021114235,0.26015854526099796,0.3828405526275785,True,Home Win,Home Win
24-25,2025-03-16,Leicester,Man United,A,A,0.5736401450029499,0.23046184330273037,0.19589801169431975,True,Away Win,Away Win
24-25,2025-03-16,Arsenal,Chelsea,H,H,0.2630165702352755,0.2456115863583027,0.4913718434064218,True,Home Win,Home Win
24-25,2025-04-01,Arsenal,Fulham,H,H,0.30990906045257993,0.2597658156618705,0.43032512388554944,True,Home Win,Home Win
24-25,2025-04-01,Wolves,West Ham,H,H,0.3214694723663264,0.27998569307672644,0.3985448345569471,True,Home Win,Home Win
24-25,2025-04-01,Nott'm Forest,Man United,H,H,0.32504824372346036,0.25071662109364934,0.42423513518289035,True,Home Win,Home Win
24-25,2025-04-02,Southampton,Crystal Palace,D,A,0.6868948212100716,0.18411749663483573,0.12898768215509251,False,Draw,Away Win
24-25,2025-04-02,Bournemouth,Ipswich,A,H,0.2511848095488483,0.2415352098076857,0.5072799806434659,False,Away Win,Home Win
24-25,2025-04-02,Brighton,Aston Villa,A,H,0.11897826982507306,0.1954610273303043,0.6855607028446228,False,Away Win,Home Win
24-25,2025-04-02,Man City,Leicester,H,H,0.1357985491206569,0.22487094575273583,0.6393305051266072,True,Home Win,Home Win
24-25,2025-04-02,Newcastle,Brentford,H,A,0.46122088858013377,0.2529987616672665,0.28578034975259986,False,Home Win,Away Win
24-25,2025-04-02,Liverpool,Everton,H,H,0.16304691559800766,0.23416584460437195,0.6027872397976204,True,Home Win,Home Win
24-25,2025-04-03,Chelsea,Tottenham,H,H,0.34115826789860976,0.26151576990420644,0.39732596219718386,True,Home Win,Home Win
24-25,2025-04-05,Everton,Arsenal,D,A,0.38009726290369944,0.2702521166513623,0.3496506204449383,False,Draw,Away Win
24-25,2025-04-05,Crystal Palace,Brighton,H,H,0.24762288217187273,0.23447380396308762,0.5179033138650397,True,Home Win,Home Win
24-25,2025-04-05,Aston Villa,Nott'm Forest,H,H,0.2744709533673613,0.2433885698362345,0.4821404767964041,True,Home Win,Home Win
24-25,2025-04-05,West Ham,Bournemouth,D,H,0.2632582236764354,0.27870738169468506,0.4580343946288794,False,Draw,Home Win
24-25,2025-04-05,Ipswich,Wolves,A,A,0.4511362512701726,0.24290087793892384,0.30596287079090356,True,Away Win,Away Win
24-25,2025-04-06,Fulham,Liverpool,H,A,0.45266154836998307,0.24092579950829132,0.3064126521217255,False,Home Win,Away Win
24-25,2025-04-06,Man United,Man City,D,H,0.24298416089159816,0.2560758186582185,0.5009400204501834,False,Draw,Home Win
24-25,2025-04-06,Brentford,Chelsea,D,H,0.32379509287645225,0.26428591594384504,0.4119189911797026,False,Draw,Home Win
24-25,2025-04-06,Tottenham,Southampton,H,H,0.20107184703928693,0.22937093072335238,0.5695572222373607,True,Home Win,Home Win
24-25,2025-04-07,Leicester,Newcastle,A,A,0.5494875861531228,0.21401916433394674,0.23649324951293052,True,Away Win,Away Win
24-25,2025-04-12,Arsenal,Brentford,D,H,0.2589532559238885,0.28149478936797384,0.45955195470813764,False,Draw,Home Win
24-25,2025-04-12,Brighton,Leicester,D,H,0.17214207447041835,0.24526662197265978,0.5825913035569219,False,Draw,Home Win
24-25,2025-04-12,Man City,Crystal Palace,H,A,0.3997709334129003,0.25177799089795905,0.3484510756891406,False,Home Win,Away Win
24-25,2025-04-12,Southampton,Aston Villa,A,A,0.5657611683778724,0.20911250134155698,0.22512633028057066,True,Away Win,Away Win
24-25,2025-04-12,Nott'm Forest,Everton,A,H,0.22511033584416518,0.27792660116883916,0.49696306298699555,False,Away Win,Home Win
24-25,2025-04-13,Wolves,Tottenham,H,H,0.22204976436665852,0.26571093528079054,0.5122393003525509,True,Home Win,Home Win
24-25,2025-04-13,Newcastle,Man United,H,H,0.2252338918110679,0.2582337514426216,0.5165323567463105,True,Home Win,Home Win
24-25,2025-04-13,Liverpool,West Ham,H,H,0.17429475360204585,0.25461889800053666,0.5710863483974175,True,Home Win,Home Win
24-25,2025-04-13,Chelsea,Ipswich,D,H,0.18414815608917262,0.24113103365940833,0.5747208102514191,False,Draw,Home Win
24-25,2025-04-14,Bournemouth,Fulham,H,A,0.4402077298271051,0.23241712391513428,0.3273751462577607,False,Home Win,Away Win
24-25,2025-04-16,Newcastle,Crystal Palace,H,H,0.19672355670256517,0.2203098705145391,0.5829665727828958,True,Home Win,Home Win
24-25,2025-04-19,Everton,Man City,A,A,0.4120232517991314,0.2626818316252179,0.3252949165756507,True,Away Win,Away Win
24-25,2025-04-19,Brentford,Brighton,H,H,0.32170837088251086,0.2530397988937306,0.4252518302237585,True,Home Win,Home Win
24-25,2025-04-19,West Ham,Southampton,D,H,0.3018352101241312,0.25596714178056185,0.4421976480953069,False,Draw,Home Win
24-25,2025-04-19,Aston Villa,Newcastle,H,H,0.3724118261168372,0.24372521866204827,0.3838629552211146,True,Home Win,Home Win
24-25,2025-04-19,Crystal Palace,Bournemouth,D,H,0.3617093223103773,0.262498850209141,0.3757918274804817,False,Draw,Home Win
24-25,2025-04-20,Man United,Wolves,A,A,0.44299705637376124,0.23336998232134404,0.32363296130489466,True,Away Win,Away Win
24-25,2025-04-20,Leicester,Liverpool,A,A,0.6166628216034657,0.2031468724959694,0.18019030590056495,True,Away Win,Away Win
24-25,2025-04-20,Fulham,Chelsea,A,H,0.3246825957790097,0.2704628791936443,0.404854525027346,False,Away Win,Home Win
24-25,2025-04-20,Ipswich,Arsenal,A,A,0.4039451982185527,0.25383882485527004,0.34221597692617717,True,Away Win,Away Win
24-25,2025-04-21,Tottenham,Nott'm Forest,A,A,0.40645630598818966,0.24859273403797733,0.34495095997383296,True,Away Win,Away Win
24-25,2025-04-22,Man City,Aston Villa,H,H,0.3181870327526745,0.23958990804017724,0.4422230592071482,True,Home Win,Home Win
24-25,2025-04-23,Arsenal,Crystal Palace,D,H,0.11797524435739577,0.19496664181015635,0.6870581138324479,False,Draw,Home Win
24-25,2025-04-26,Wolves,Leicester,H,H,0.07945626412479351,0.1957545589204463,0.7247891769547601,True,Home Win,Home Win
24-25,2025-04-26,Brighton,West Ham,H,A,0.40233540262104334,0.2633294840041002,0.33433511337485655,False,Home Win,Away Win
24-25,2025-04-26,Newcastle,Ipswich,H,H,0.08202479101445723,0.16185904307191884,0.756116165913624,True,Home Win,Home Win
24-25,2025-04-26,Chelsea,Everton,H,H,0.2639555136563227,0.280256181935409,0.4557883044082682,True,Home Win,Home Win
24-25,2025-04-26,Southampton,Fulham,A,A,0.4665620259193763,0.24861186541135744,0.2848261086692664,True,Away Win,Away Win
24-25,2025-04-27,Bournemouth,Man United,D,H,0.3232446361772548,0.27741093981927173,0.3993444240034735,False,Draw,Home Win
24-25,2025-04-27,Liverpool,Tottenham,H,H,0.15417598670539556,0.23243592886235837,0.613388084432246,True,Home Win,Home Win
24-25,2025-05-01,Nott'm Forest,Brentford,A,H,0.28110007644767215,0.25451849274830757,0.4643814308040204,False,Away Win,Home Win
24-25,2025-05-02,Man City,Wolves,H,H,0.23579085680187567,0.22983415734172505,0.5343749858563993,True,Home Win,Home Win
24-25,2025-05-03,Aston Villa,Fulham,H,H,0.12802977821279568,0.2070605397125896,0.6649096820746148,True,Home Win,Home Win
24-25,2025-05-03,Arsenal,Bournemouth,A,H,0.20906034449032943,0.25366598508918137,0.5372736704204892,False,Away Win,Home Win
24-25,2025-05-03,Leicester,Southampton,H,A,0.4292187970398237,0.2603122211560459,0.3104689818041304,False,Home Win,Away Win
24-25,2025-05-03,Everton,Ipswich,D,H,0.30764193592693395,0.2502510327844397,0.44210703128862644,False,Draw,Home Win
24-25,2025-05-04,Chelsea,Liverpool,H,H,0.32557782895075893,0.2510890716383944,0.4233330994108467,True,Home Win,Home Win
24-25,2025-05-04,Brentford,Man United,H,H,0.18846628626238496,0.2613618180226196,0.5501718957149955,True,Home Win,Home Win
24-25,2025-05-04,West Ham,Tottenham,D,H,0.31831477011498543,0.23682289985045946,0.44486233003455516,False,Draw,Home Win
24-25,2025-05-04,Brighton,Newcastle,D,A,0.5904827126260848,0.20323526419130175,0.2062820231826135,False,Draw,Away Win
24-25,2025-05-05,Crystal Palace,Nott'm Forest,D,A,0.37567508173461095,0.2642555998339644,0.3600693184314247,False,Draw,Away Win
24-25,2025-05-10,Wolves,Brighton,A,H,0.1559727656229588,0.21568623067943873,0.6283410036976025,False,Away Win,Home Win
24-25,2025-05-10,Southampton,Man City,D,A,0.626733469893538,0.20224492923353718,0.1710216008729248,False,Draw,Away Win
24-25,2025-05-10,Ipswich,Brentford,A,A,0.5696633104337351,0.2110625989055287,0.21927409066073628,True,Away Win,Away Win
24-25,2025-05-10,Bournemouth,Aston Villa,A,A,0.3797208663641647,0.2519239246720207,0.3683552089638146,True,Away Win,Away Win
24-25,2025-05-10,Fulham,Everton,A,H,0.30086804648092946,0.2709960227666405,0.42813593075243,False,Away Win,Home Win
24-25,2025-05-11,Nott'm Forest,Leicester,D,H,0.3191698439768853,0.2617663119772193,0.41906384404589536,False,Draw,Home Win
24-25,2025-05-11,Man United,West Ham,A,A,0.41523689367562044,0.2565035515329433,0.3282595547914363,True,Away Win,Away Win
24-25,2025-05-11,Newcastle,Chelsea,H,H,0.19382895203359238,0.22220145213537645,0.5839695958310311,True,Home Win,Home Win
24-25,2025-05-11,Liverpool,Arsenal,D,H,0.2653456559203303,0.2550390530738132,0.4796152910058565,False,Draw,Home Win
24-25,2025-05-11,Tottenham,Crystal Palace,A,H,0.2615207544802602,0.23137694881941395,0.5071022967003258,False,Away Win,Home Win
24-25,2025-05-16,Chelsea,Man United,H,H,0.15970569475462185,0.23273485357374998,0.6075594516716281,True,Home Win,Home Win
24-25,2025-05-16,Aston Villa,Tottenham,H,H,0.09120724304632165,0.18588193251570126,0.722910824437977,True,Home Win,Home Win
24-25,2025-05-18,West Ham,Nott'm Forest,A,H,0.29676030303736517,0.260607473025837,0.4426322239367979,False,Away Win,Home Win
24-25,2025-05-18,Arsenal,Newcastle,H,H,0.37710781949913114,0.2414379204327546,0.3814542600681143,True,Home Win,Home Win
24-25,2025-05-18,Everton,Southampton,H,H,0.22387822715721675,0.26802928657288,0.5080924862699032,True,Home Win,Home Win
24-25,2025-05-18,Brentford,Fulham,A,H,0.11777666083811428,0.21998717657254818,0.6622361625893375,False,Away Win,Home Win
24-25,2025-05-18,Leicester,Ipswich,H,H,0.23873391919803738,0.24467598288773373,0.5165900979142288,True,Home Win,Home Win
24-25,2025-05-19,Brighton,Liverpool,H,H,0.3199531446982438,0.23523723212282707,0.4448096231789292,True,Home Win,Home Win
24-25,2025-05-20,Crystal Palace,Wolves,H,A,0.41615061985624796,0.25567507700361236,0.3281743031401396,False,Home Win,Away Win
24-25,2025-05-20,Man City,Bournemouth,H,H,0.16528870389352068,0.24920044981109918,0.5855108462953801,True,Home Win,Home Win
24-25,2025-05-25,Wolves,Brentford,D,A,0.4270560975199041,0.2244943491183795,0.3484495533617164,False,Draw,Away Win
24-25,2025-05-25,Newcastle,Everton,A,H,0.30881551282042996,0.26021862131641355,0.43096586586315655,False,Away Win,Home Win
24-25,2025-05-25,Tottenham,Brighton,A,A,0.565902183151404,0.2062674692757852,0.2278303475728108,True,Away Win,Away Win
24-25,2025-05-25,Liverpool,Crystal Palace,D,H,0.3112233920032022,0.2457262985824772,0.44305030941432055,False,Draw,Home Win
24-25,2025-05-25,Man United,Aston Villa,H,A,0.5690235558702538,0.21965494226608032,0.21132150186366594,False,Home Win,Away Win
24-25,2025-05-25,Nott'm Forest,Chelsea,A,H,0.33165838752218196,0.2491480183525813,0.4191935941252367,False,Away Win,Home Win
24-25,2025-05-25,Ipswich,West Ham,A,A,0.5437019638135494,0.2397682696538219,0.2165297665326287,True,Away Win,Away Win
24-25,2025-05-25,Southampton,Arsenal,A,A,0.5460863166516372,0.2329223529936706,0.22099133035469215,True,Away Win,Away Win
24-25,2025-05-25,Fulham,Man City,A,A,0.4323316534744474,0.24611623612094236,0.32155211040461024,True,Away Win,Away Win
24-25,2025-05-25,Bournemouth,Leicester,H,A,0.37612694041785094,0.263766505389478,0.3601065541926712,False,Home Win,Away Win
25-26,2025-08-15,Liverpool,Bournemouth,H,H,0.2819658172965237,0.24484116100476297,0.4731930216987133,True,Home Win,Home Win
25-26,2025-08-16,Tottenham,Burnley,H,A,0.5178835817114291,0.2348991946335488,0.24721722365502213,False,Home Win,Away Win
25-26,2025-08-16,Wolves,Man City,A,A,0.47074835514380264,0.2400291615216703,0.28922248333452705,True,Away Win,Away Win
25-26,2025-08-16,Brighton,Fulham,D,H,0.11412004782497294,0.19699321860271635,0.6888867335723107,False,Draw,Home Win
25-26,2025-08-16,Aston Villa,Newcastle,D,H,0.32900462372520595,0.28623377949873735,0.3847615967760568,False,Draw,Home Win
25-26,2025-08-17,Man United,Arsenal,A,A,0.3915621713792368,0.24644311144704736,0.3619947171737159,True,Away Win,Away Win
25-26,2025-08-17,Chelsea,Crystal Palace,D,H,0.28381976198204406,0.2602593832996119,0.45592085471834404,False,Draw,Home Win
25-26,2025-08-17,Nott'm Forest,Brentford,H,A,0.4233932087071266,0.23890569196123132,0.337701099331642,False,Home Win,Away Win
25-26,2025-08-18,Leeds,Everton,H,A,0.5611154789597061,0.2214783310857544,0.21740618995453942,False,Home Win,Away Win
25-26,2025-08-22,West Ham,Chelsea,A,H,0.32721082291637094,0.26237094036735037,0.41041823671627875,False,Away Win,Home Win
25-26,2025-08-23,Arsenal,Leeds,H,H,0.1858998824477274,0.23458183949229794,0.5795182780599747,True,Home Win,Home Win
25-26,2025-08-23,Man City,Tottenham,A,H,0.11113754362979582,0.21086489297267305,0.6779975633975311,False,Away Win,Home Win
25-26,2025-08-23,Brentford,Aston Villa,H,H,0.3176946547503848,0.26269435224641546,0.41961099300319965,True,Home Win,Home Win
25-26,2025-08-23,Burnley,Sunderland,H,A,0.5719794305823135,0.34054850450969565,0.08747206490799085,False,Home Win,Away Win
25-26,2025-08-23,Bournemouth,Wolves,H,H,0.20737543999244068,0.2427508358958772,0.5498737241116821,True,Home Win,Home Win
25-26,2025-08-24,Fulham,Man United,D,H,0.3553769503340273,0.26938710950857214,0.37523594015740047,False,Draw,Home Win
25-26,2025-08-24,Everton,Brighton,H,H,0.31146790266228536,0.24861649729126434,0.43991560004645036,True,Home Win,Home Win
25-26,2025-08-24,Crystal Palace,Nott'm Forest,D,H,0.2619999408886336,0.25234813891490393,0.4856519201964626,False,Draw,Home Win
25-26,2025-08-25,Newcastle,Liverpool,A,H,0.35873341297151823,0.2499873368054049,0.39127925022307686,False,Away Win,Home Win
25-26,2025-08-30,Tottenham,Bournemouth,A,H,0.31374256665104366,0.25558510572678567,0.4306723276221708,False,Away Win,Home Win
25-26,2025-08-30,Chelsea,Fulham,H,H,0.1934132004155097,0.2423527958781763,0.564234003706314,True,Home Win,Home Win
25-26,2025-08-30,Man United,Burnley,H,H,0.305413762002066,0.25776378226412355,0.43682245573381046,True,Home Win,Home Win
25-26,2025-08-30,Leeds,Newcastle,D,A,0.43818839776686874,0.2729695755140453,0.2888420267190859,False,Draw,Away Win
25-26,2025-08-30,Wolves,Everton,A,A,0.6161203997271136,0.21225126823457996,0.17162833203830646,True,Away Win,Away Win
25-26,2025-08-30,Sunderland,Brentford,H,H,0.3287605983190587,0.23159931407098414,0.4396400876099573,True,Home Win,Home Win
25-26,2025-08-31,Nott'm Forest,West Ham,A,H,0.20921334068875527,0.22492462064118768,0.565862038670057,False,Away Win,Home Win
25-26,2025-08-31,Brighton,Man City,H,H,0.2915189681854335,0.25822598342858766,0.4502550483859789,True,Home Win,Home Win
25-26,2025-08-31,Aston Villa,Crystal Palace,A,A,0.40379087592705104,0.26816892453533125,0.32804019953761754,True,Away Win,Away Win
25-26,2025-08-31,Liverpool,Arsenal,H,H,0.3522345515948261,0.23725408696470238,0.41051136144047157,True,Home Win,Home Win
25-26,2025-09-13,Newcastle,Wolves,H,H,0.3214653023131794,0.25631581248968266,0.42221888519713785,True,Home Win,Home Win
25-26,2025-09-13,Brentford,Chelsea,D,A,0.5175856947616396,0.23608299052395973,0.24633131471440067,False,Draw,Away Win
25-26,2025-09-13,Everton,Aston Villa,D,H,0.14907620142468345,0.250017741812746,0.6009060567625706,False,Draw,Home Win
25-26,2025-09-13,Crystal Palace,Sunderland,D,H,0.25585525417496763,0.2784433712621987,0.4657013745628336,False,Draw,Home Win
25-26,2025-09-13,Arsenal,Nott'm Forest,H,H,0.16120194723786122,0.23140393125156103,0.6073941215105777,True,Home Win,Home Win
25-26,2025-09-13,West Ham,Tottenham,A,H,0.3218968865968948,0.2562505839781749,0.4218525294249303,False,Away Win,Home Win
25-26,2025-09-13,Fulham,Leeds,H,H,0.23756720241782142,0.23743206002891873,0.5250007375532598,True,Home Win,Home Win
25-26,2025-09-13,Bournemouth,Brighton,H,H,0.326825115292461,0.2445314000453906,0.42864348466214847,True,Home Win,Home Win
25-26,2025-09-14,Man City,Man United,H,H,0.22199026157540996,0.2513479289452868,0.5266618094793032,True,Home Win,Home Win
25-26,2025-09-14,Burnley,Liverpool,A,A,0.46816986791294485,0.22410340532929132,0.30772672675776386,True,Away Win,Away Win
25-26,2025-09-20,Burnley,Nott'm Forest,D,H,0.33369917486982226,0.2577280832879523,0.4085727418422254,False,Draw,Home Win
25-26,2025-09-20,Liverpool,Everton,H,H,0.20306108625506342,0.25060714469408485,0.5463317690508517,True,Home Win,Home Win
25-26,2025-09-20,Man United,Chelsea,H,A,0.43981668377048205,0.25288161928091807,0.30730169694859993,False,Home Win,Away Win
25-26,2025-09-20,West Ham,Crystal Palace,A,A,0.41284422243816987,0.2760854107222076,0.3110703668396225,True,Away Win,Away Win
25-26,2025-09-20,Brighton,Tottenham,D,H,0.3490845139645007,0.2537299530317086,0.3971855330037908,False,Draw,Home Win
25-26,2025-09-20,Wolves,Leeds,A,H,0.3583042648993489,0.2539703521201377,0.38772538298051346,False,Away Win,Home Win
25-26,2025-09-20,Fulham,Brentford,H,H,0.36578253648694015,0.26592441530941374,0.36829304820364617,True,Home Win,Home Win
25-26,2025-09-21,Bournemouth,Newcastle,D,H,0.19565451622217292,0.2728671186948374,0.5314783650829897,False,Draw,Home Win
25-26,2025-09-21,Sunderland,Aston Villa,D,H,0.20453456803568792,0.26867988363768436,0.5267855483266277,False,Draw,Home Win
25-26,2025-09-21,Arsenal,Man City,D,H,0.2176761847042233,0.24832176921742344,0.5340020460783532,False,Draw,Home Win
25-26,2025-09-27,Man City,Burnley,H,H,0.20898786424754295,0.2460511363250452,0.5449609994274118,True,Home Win,Home Win
25-26,2025-09-27,Leeds,Bournemouth,D,A,0.3727710685784342,0.25858074555624544,0.36864818586532033,False,Draw,Away Win
25-26,2025-09-27,Crystal Palace,Liverpool,H,H,0.33763635622072624,0.2336970122235067,0.428666631555767,True,Home Win,Home Win
25-26,2025-09-27,Brentford,Man United,H,H,0.3603674889293574,0.24765249453375676,0.39198001653688586,True,Home Win,Home Win
25-26,2025-09-27,Chelsea,Brighton,A,H,0.19637935114583477,0.23716370377763632,0.5664569450765289,False,Away Win,Home Win
25-26,2025-09-27,Tottenham,Wolves,D,H,0.10241469645242791,0.20390720929315148,0.6936780942544206,False,Draw,Home Win
25-26,2025-09-27,Nott'm Forest,Sunderland,A,A,0.4204550785031347,0.26325485208295296,0.3162900694139122,True,Away Win,Away Win
25-26,2025-09-28,Newcastle,Arsenal,A,A,0.4873591711768743,0.25900172634318647,0.25363910247993937,True,Away Win,Away Win
25-26,2025-09-28,Aston Villa,Fulham,H,A,0.46988535118442,0.25697353637330944,0.2731411124422705,False,Home Win,Away Win
25-26,2025-09-29,Everton,West Ham,D,H,0.19279409202233613,0.22799762410674368,0.5792082838709203,False,Draw,Home Win
25-26,2025-10-03,Bournemouth,Fulham,H,H,0.2213610694283708,0.2545256891203484,0.5241132414512808,True,Home Win,Home Win
25-26,2025-10-04,Chelsea,Liverpool,H,H,0.27961158899121724,0.22944275372236628,0.4909456572864164,True,Home Win,Home Win
25-26,2025-10-04,Man United,Sunderland,H,H,0.32707468459550976,0.26718467175558486,0.4057406436489054,True,Home Win,Home Win
25-26,2025-10-04,Leeds,Tottenham,A,A,0.45859215214950694,0.2578397491755231,0.28356809867497007,True,Away Win,Away Win
25-26,2025-10-04,Arsenal,West Ham,H,H,0.12306120711428993,0.2003004954881885,0.6766382973975216,True,Home Win,Home Win
25-26,2025-10-05,Wolves,Brighton,D,A,0.4718776234186783,0.23727262831310333,0.2908497482682184,False,Draw,Away Win
25-26,2025-10-05,Aston Villa,Burnley,H,H,0.31555425990806774,0.25788699292384404,0.4265587471680882,True,Home Win,Home Win
25-26,2025-10-05,Brentford,Man City,A,H,0.3642724727341274,0.25766240103041765,0.37806512623545496,False,Away Win,Home Win
25-26,2025-10-05,Everton,Crystal Palace,H,H,0.3458327823960683,0.25893041560244984,0.3952368020014819,True,Home Win,Home Win
25-26,2025-10-05,Newcastle,Nott'm Forest,H,H,0.2564422889270614,0.2691481950061204,0.47440951606681814,True,Home Win,Home Win
25-26,2025-10-18,Burnley,Leeds,H,A,0.48038260115036097,0.2515115278910362,0.2681058709586028,False,Home Win,Away Win
25-26,2025-10-18,Crystal Palace,Bournemouth,D,H,0.27559308466037913,0.2516978609987438,0.47270905434087707,False,Draw,Home Win
25-26,2025-10-18,Man City,Everton,H,H,0.18861161977274515,0.23205125809595012,0.5793371221313047,True,Home Win,Home Win
25-26,2025-10-18,Brighton,Newcastle,H,H,0.2777478264905208,0.272200023095237,0.4500521504142421,True,Home Win,Home Win
25-26,2025-10-18,Fulham,Arsenal,A,A,0.438837059811267,0.2560667902905678,0.30509614989816514,True,Away Win,Away Win
25-26,2025-10-18,Nott'm Forest,Chelsea,A,A,0.5445460495760651,0.229749099312648,0.22570485111128694,True,Away Win,Away Win
25-26,2025-10-18,Sunderland,Wolves,H,H,0.259833633178957,0.27512510629759807,0.46504126052344485,True,Home Win,Home Win
25-26,2025-10-19,Tottenham,Aston Villa,A,H,0.2511237369244406,0.2493038136069259,0.49957244946863344,False,Away Win,Home Win
25-26,2025-10-19,Liverpool,Man United,A,H,0.2616497318171172,0.23674520462719548,0.5016050635556872,False,Away Win,Home Win
25-26,2025-10-20,West Ham,Brentford,A,H,0.36437891076276635,0.25873241097956656,0.37688867825766703,False,Away Win,Home Win
25-26,2025-10-24,Leeds,West Ham,H,H,0.24828028361570487,0.26040715597410075,0.49131256041019444,True,Home Win,Home Win
25-26,2025-10-25,Newcastle,Fulham,H,H,0.27996315049913734,0.257625468323623,0.4624113811772396,True,Home Win,Home Win
25-26,2025-10-25,Chelsea,Sunderland,A,H,0.284813788197052,0.26534624357733844,0.4498399682256095,False,Away Win,Home Win
25-26,2025-10-25,Brentford,Liverpool,H,H,0.26959354274526803,0.2543956381991233,0.4760108190556087,True,Home Win,Home Win
25-26,2025-10-25,Man United,Brighton,H,H,0.32188636881053373,0.2541166582298344,0.4239969729596319,True,Home Win,Home Win
25-26,2025-10-26,Everton,Tottenham,A,A,0.43212828344596643,0.2539306831392732,0.31394103341476043,True,Away Win,Away Win
25-26,2025-10-26,Aston Villa,Man City,H,H,0.3620090361733816,0.25671915572643417,0.3812718081001842,True,Home Win,Home Win
25-26,2025-10-26,Arsenal,Crystal Palace,H,H,0.17529953721461922,0.2330967873805477,0.5916036754048332,True,Home Win,Home Win
25-26,2025-10-26,Wolves,Burnley,A,A,0.3951375737114345,0.2585740267528688,0.3462883995356967,True,Away Win,Away Win
25-26,2025-10-26,Bournemouth,Nott'm Forest,H,H,0.12743878858651922,0.22251510270952746,0.6500461087039533,True,Home Win,Home Win
25-26,2025-11-01,Fulham,Wolves,H,H,0.32902765726536404,0.2595068450255599,0.4114654977090761,True,Home Win,Home Win
25-26,2025-11-01,Nott'm Forest,Man United,D,A,0.6031617446299643,0.20135162255885583,0.19548663281117998,False,Draw,Away Win
25-26,2025-11-01,Brighton,Leeds,H,H,0.25760764674140096,0.23940417256361737,0.5029881806949816,True,Home Win,Home Win
25-26,2025-11-01,Crystal Palace,Brentford,H,H,0.3273553825302876,0.2433614802224119,0.4292831372473004,True,Home Win,Home Win
25-26,2025-11-01,Burnley,Arsenal,A,A,0.3893657618108885,0.24930143043487374,0.3613328077542378,True,Away Win,Away Win
25-26,2025-11-01,Liverpool,Aston Villa,H,A,0.4730029890425322,0.2270379663824613,0.2999590445750065,False,Home Win,Away Win
25-26,2025-11-01,Tottenham,Chelsea,A,H,0.24862179316784455,0.24531783245176692,0.5060603743803885,False,Away Win,Home Win
25-26,2025-11-02,Man City,Bournemouth,H,H,0.2541425722551816,0.24540190615418445,0.500455521590634,True,Home Win,Home Win
25-26,2025-11-02,West Ham,Newcastle,H,A,0.5027801722493026,0.2476204303919553,0.24959939735874206,False,Home Win,Away Win
25-26,2025-11-03,Sunderland,Everton,D,H,0.19055034191036324,0.24948306866952988,0.5599665894201069,False,Draw,Home Win
25-26,2025-11-08,Sunderland,Arsenal,D,H,0.35588225549413416,0.2561640287822285,0.38795371572363724,False,Draw,Home Win
25-26,2025-11-08,West Ham,Burnley,H,H,0.32942872628095393,0.23927960995103506,0.43129166376801104,True,Home Win,Home Win
25-26,2025-11-08,Tottenham,Man United,D,H,0.334091480081274,0.23584250155344066,0.4300660183652853,False,Draw,Home Win
25-26,2025-11-08,Everton,Fulham,H,H,0.3533019635065368,0.26837224338385335,0.3783257931096099,True,Home Win,Home Win
25-26,2025-11-08,Chelsea,Wolves,H,H,0.17728811721233634,0.24295313889150738,0.5797587438961562,True,Home Win,Home Win
25-26,2025-11-09,Brentford,Newcastle,H,H,0.2389415449083972,0.24836655579821917,0.5126918992933837,True,Home Win,Home Win
25-26,2025-11-09,Man City,Liverpool,H,H,0.138469751566587,0.22561189692713124,0.6359183515062817,True,Home Win,Home Win
25-26,2025-11-09,Crystal Palace,Brighton,D,H,0.35203514456885615,0.23868366118216353,0.40928119424898035,False,Draw,Home Win
25-26,2025-11-09,Aston Villa,Bournemouth,H,H,0.24121390529280634,0.2387321690463701,0.5200539256608236,True,Home Win,Home Win
25-26,2025-11-09,Nott'm Forest,Leeds,H,A,0.4357307273142104,0.2504509442280323,0.31381832845775726,False,Home Win,Away Win
25-26,2025-11-22,Fulham,Sunderland,H,A,0.4240094670257232,0.2494337757549318,0.32655675721934496,False,Home Win,Away Win
25-26,2025-11-22,Bournemouth,West Ham,D,H,0.2767824812009519,0.2421188848730122,0.4810986339260359,False,Draw,Home Win
25-26,2025-11-22,Brighton,Brentford,H,H,0.29214128094362424,0.24865538466054418,0.4592033343958315,True,Home Win,Home Win
25-26,2025-11-22,Wolves,Crystal Palace,A,A,0.5206683570428162,0.24755932367227168,0.23177231928491218,True,Away Win,Away Win
25-26,2025-11-22,Liverpool,Nott'm Forest,A,H,0.32665418347615804,0.24982724390087457,0.4235185726229674,False,Away Win,Home Win
25-26,2025-11-22,Burnley,Chelsea,A,A,0.43433817557504706,0.24301446033403085,0.3226473640909221,True,Away Win,Away Win
25-26,2025-11-22,Newcastle,Man City,H,A,0.45247311231603793,0.24787439242976653,0.29965249525419557,False,Home Win,Away Win
25-26,2025-11-23,Arsenal,Tottenham,H,H,0.20276458526338745,0.2540376280168207,0.5431977867197919,True,Home Win,Home Win
25-26,2025-11-23,Leeds,Aston Villa,A,A,0.54710247452742,0.22376216234484805,0.22913536312773208,True,Away Win,Away Win
25-26,2025-11-24,Man United,Everton,A,H,0.15337594901429102,0.21959927810555951,0.6270247728801495,False,Away Win,Home Win
25-26,2025-11-29,Brentford,Burnley,H,H,0.21775432161890795,0.2365265823879966,0.5457190959930955,True,Home Win,Home Win
25-26,2025-11-29,Everton,Newcastle,A,H,0.3049504418584458,0.25130150617179986,0.44374805196975436,False,Away Win,Home Win
25-26,2025-11-29,Tottenham,Fulham,A,H,0.3607952191385637,0.2654216818122823,0.37378309904915397,False,Away Win,Home Win
25-26,2025-11-29,Man City,Leeds,H,H,0.13947988856872648,0.21579659370108206,0.6447235177301914,True,Home Win,Home Win
25-26,2025-11-29,Sunderland,Bournemouth,H,H,0.21921530946135034,0.22894644010619922,0.5518382504324504,True,Home Win,Home Win
25-26,2025-11-30,Nott'm Forest,Brighton,A,H,0.3423224249330334,0.24399422670315354,0.4136833483638131,False,Away Win,Home Win
25-26,2025-11-30,Aston Villa,Wolves,H,H,0.08962058993128251,0.1960857819935409,0.7142936280751766,True,Home Win,Home Win
25-26,2025-11-30,Crystal Palace,Man United,A,H,0.29564816415759604,0.24538880786980277,0.45896302797260125,False,Away Win,Home Win
25-26,2025-11-30,West Ham,Liverpool,A,H,0.20455035536209473,0.23416559846783777,0.5612840461700674,False,Away Win,Home Win
25-26,2025-11-30,Chelsea,Arsenal,D,H,0.24232859237708246,0.2411830944143222,0.5164883132085953,False,Draw,Home Win
25-26,2025-12-02,Newcastle,Tottenham,D,H,0.22137449208837942,0.2446196382615249,0.5340058696500957,False,Draw,Home Win
25-26,2025-12-02,Bournemouth,Everton,A,H,0.3433297057256932,0.24561844502109215,0.41105184925321464,False,Away Win,Home Win
25-26,2025-12-02,Fulham,Man City,A,H,0.3231064357114062,0.2542623415877817,0.4226312227008121,False,Away Win,Home Win
25-26,2025-12-03,Burnley,Crystal Palace,A,A,0.4595382904648326,0.2616648348161185,0.27879687471904896,True,Away Win,Away Win
25-26,2025-12-03,Liverpool,Sunderland,D,A,0.3746531532511471,0.25088062311754605,0.3744662236313069,False,Draw,Away Win
25-26,2025-12-03,Arsenal,Brentford,H,H,0.2081065530343577,0.22593043778326188,0.5659630091823804,True,Home Win,Home Win
25-26,2025-12-03,Wolves,Nott'm Forest,A,A,0.5758230851262361,0.22274976493914683,0.20142714993461694,True,Away Win,Away Win
25-26,2025-12-03,Brighton,Aston Villa,A,H,0.280760601844564,0.25012967383574874,0.46910972431968734,False,Away Win,Home Win
25-26,2025-12-03,Leeds,Chelsea,H,A,0.5154714797808201,0.2384958041535898,0.24603271606559007,False,Home Win,Away Win
25-26,2025-12-04,Man United,West Ham,D,H,0.24970047434339984,0.2329440198635417,0.5173555057930584,False,Draw,Home Win
25-26,2025-12-06,Everton,Nott'm Forest,H,H,0.3262159920393663,0.2592776327368833,0.41450637522375033,True,Home Win,Home Win
25-26,2025-12-06,Tottenham,Brentford,H,A,0.41968953158211836,0.24523281799073127,0.33507765042715026,False,Home Win,Away Win
25-26,2025-12-06,Newcastle,Burnley,H,H,0.17540654010389556,0.2382623506115652,0.5863311092845392,True,Home Win,Home Win
25-26,2025-12-06,Leeds,Liverpool,D,H,0.37348874385622405,0.24834210774925833,0.37816914839451765,False,Draw,Home Win
25-26,2025-12-06,Man City,Sunderland,H,H,0.14483139987446203,0.21517634890367943,0.6399922512218585,True,Home Win,Home Win
25-26,2025-12-06,Aston Villa,Arsenal,H,H,0.26610101923501533,0.24651181651042775,0.48738716425455686,True,Home Win,Home Win
25-26,2025-12-06,Bournemouth,Chelsea,D,A,0.5591650541288601,0.22373466952489235,0.21710027634624746,False,Draw,Away Win
25-26,2025-12-07,Fulham,Crystal Palace,A,H,0.2880495659674605,0.26198918122794046,0.44996125280459903,False,Away Win,Home Win
25-26,2025-12-07,Brighton,West Ham,D,H,0.2138730290866598,0.23030475626631577,0.5558222146470244,False,Draw,Home Win
25-26,2025-12-08,Wolves,Man United,A,A,0.5748513363993091,0.23020827123978974,0.19494039236090124,True,Away Win,Away Win
25-26,2025-12-13,Arsenal,Wolves,H,H,0.1208898571560964,0.21676298448512413,0.6623471583587794,True,Home Win,Home Win
25-26,2025-12-13,Burnley,Fulham,A,A,0.4764471220746592,0.23031132575732977,0.293241552168011,True,Away Win,Away Win
25-26,2025-12-13,Liverpool,Brighton,H,A,0.41641563619104605,0.2512856787891967,0.33229868501975723,False,Home Win,Away Win
25-26,2025-12-13,Chelsea,Everton,H,H,0.318167540647324,0.24849425858641117,0.4333382007662649,True,Home Win,Home Win
25-26,2025-12-14,Brentford,Leeds,D,H,0.3045004071794859,0.24087789184823735,0.45462170097227683,False,Draw,Home Win
25-26,2025-12-14,West Ham,Aston Villa,A,A,0.46590943028172555,0.219615772419905,0.3144747972983693,True,Away Win,Away Win
25-26,2025-12-14,Crystal Palace,Man City,A,H,0.3635528619674137,0.23384046729543814,0.4026066707371481,False,Away Win,Home Win
25-26,2025-12-14,Nott'm Forest,Tottenham,H,H,0.2445789366633926,0.24593557591102225,0.5094854874255852,True,Home Win,Home Win
25-26,2025-12-14,Sunderland,Newcastle,H,A,0.42751141796587766,0.23160878161307866,0.34087980042104377,False,Home Win,Away Win
25-26,2025-12-15,Man United,Bournemouth,D,H,0.17258025238209784,0.23691318336798223,0.5905065642499199,False,Draw,Home Win
25-26,2025-12-20,Everton,Arsenal,A,H,0.36854366141463707,0.25691573258245065,0.37454060600291234,False,Away Win,Home Win
25-26,2025-12-20,Tottenham,Liverpool,A,A,0.4252615698107514,0.24395588120289902,0.33078254898634957,True,Away Win,Away Win
25-26,2025-12-20,Newcastle,Chelsea,D,H,0.2319483539299125,0.2557380115315314,0.512313634538556,False,Draw,Home Win
25-26,2025-12-20,Man City,West Ham,H,H,0.11419292763339663,0.20399370633266828,0.681813366033935,True,Home Win,Home Win
25-26,2025-12-20,Leeds,Crystal Palace,H,H,0.2979484930943397,0.2390771442233117,0.46297436268234865,True,Home Win,Home Win
25-26,2025-12-20,Wolves,Brentford,A,A,0.48276664621099163,0.25110725536475786,0.26612609842425056,True,Away Win,Away Win
25-26,2025-12-20,Brighton,Sunderland,D,H,0.2615904210080618,0.24870590101737328,0.4897036779745649,False,Draw,Home Win
25-26,2025-12-20,Bournemouth,Burnley,D,H,0.2622057829607798,0.25453560362547384,0.4832586134137465,False,Draw,Home Win
25-26,2025-12-21,Aston Villa,Man United,H,H,0.17816296277021199,0.22495614982155826,0.5968808874082298,True,Home Win,Home Win
25-26,2025-12-22,Fulham,Nott'm Forest,H,H,0.2626135445413268,0.24566983339352141,0.49171662206515176,True,Home Win,Home Win
25-26,2025-12-26,Man United,Newcastle,H,H,0.26770873738686374,0.2358665486381045,0.4964247139750318,True,Home Win,Home Win
25-26,2025-12-27,Brentford,Bournemouth,H,H,0.28658522455686675,0.2651634570851669,0.44825131835796644,True,Home Win,Home Win
25-26,2025-12-27,Chelsea,Aston Villa,A,A,0.40937937831205085,0.2177611938204605,0.37285942786748877,True,Away Win,Away Win
25-26,2025-12-27,Burnley,Everton,D,A,0.42167028771612813,0.25065376748920004,0.32767594479467177,False,Draw,Away Win
25-26,2025-12-27,Liverpool,Wolves,H,H,0.11366795908593803,0.2229431581660204,0.6633888827480415,True,Home Win,Home Win
25-26,2025-12-27,West Ham,Fulham,A,A,0.49214245795016415,0.21877927135123335,0.2890782706986025,True,Away Win,Away Win
25-26,2025-12-27,Arsenal,Brighton,H,H,0.22688697154929074,0.26130020551471717,0.5118128229359921,True,Home Win,Home Win
25-26,2025-12-27,Nott'm Forest,Man City,A,A,0.5674946312435483,0.20395023177544083,0.22855513698101082,True,Away Win,Away Win
25-26,2025-12-28,Sunderland,Leeds,D,A,0.39557698302474265,0.2449756715933559,0.35944734538190154,False,Draw,Away Win
25-26,2025-12-28,Crystal Palace,Tottenham,A,H,0.34043930998602295,0.26315133309815575,0.39640935691582124,False,Away Win,Home Win
25-26,2025-12-30,Arsenal,Aston Villa,H,H,0.2681551025560927,0.2148813547092077,0.5169635427346996,True,Home Win,Home Win
25-26,2025-12-30,West Ham,Brighton,D,A,0.3875760259680248,0.2661119088851427,0.34631206514683255,False,Draw,Away Win
25-26,2025-12-30,Burnley,Newcastle,A,A,0.41451088049281837,0.2596918887119236,0.32579723079525796,True,Away Win,Away Win
25-26,2025-12-30,Chelsea,Bournemouth,D,H,0.2892314775453433,0.2562805358860426,0.454487986568614,False,Draw,Home Win
25-26,2025-12-30,Man United,Wolves,D,H,0.141190442970724,0.22426048435380733,0.6345490726754687,False,Draw,Home Win
25-26,2025-12-30,Nott'm Forest,Everton,A,H,0.35373863998716226,0.28027303928309366,0.36598832072974413,False,Away Win,Home Win
25-26,2026-01-01,Sunderland,Man City,D,A,0.5736397615013534,0.20818849774492998,0.2181717407537165,False,Draw,Away Win
25-26,2026-01-01,Brentford,Tottenham,D,H,0.27669691717687067,0.2527063066397696,0.47059677618335966,False,Draw,Home Win
25-26,2026-01-01,Liverpool,Leeds,D,H,0.27060574601909543,0.24146056162120982,0.48793369235969464,False,Draw,Home Win
25-26,2026-01-01,Crystal Palace,Fulham,D,A,0.4198425675652405,0.23815910308686938,0.3419983293478901,False,Draw,Away Win
25-26,2026-01-03,Aston Villa,Nott'm Forest,H,H,0.16661550180003976,0.24590603672869082,0.5874784614712695,True,Home Win,Home Win
25-26,2026-01-03,Brighton,Burnley,H,H,0.3523591512587312,0.2695904561912862,0.3780503925499827,True,Home Win,Home Win
25-26,2026-01-03,Wolves,West Ham,H,A,0.40731937687783126,0.2577725416334049,0.3349080814887637,False,Home Win,Away Win
25-26,2026-01-03,Bournemouth,Arsenal,A,A,0.45219997785850047,0.22864596442334026,0.31915405771815936,True,Away Win,Away Win
25-26,2026-01-04,Fulham,Liverpool,D,H,0.3058105580552844,0.2511632661676919,0.44302617577702363,False,Draw,Home Win
25-26,2026-01-04,Leeds,Man United,D,H,0.30799167529334265,0.2393826922327348,0.45262563247392246,False,Draw,Home Win
25-26,2026-01-04,Man City,Chelsea,D,H,0.1446013603979348,0.2313803966915194,0.6240182429105458,False,Draw,Home Win
25-26,2026-01-04,Tottenham,Sunderland,D,H,0.30027451218667434,0.2845142337588877,0.4152112540544379,False,Draw,Home Win
25-26,2026-01-04,Newcastle,Crystal Palace,H,H,0.20842148289127457,0.24052057135835686,0.5510579457503686,True,Home Win,Home Win
25-26,2026-01-04,Everton,Brentford,A,H,0.34637291282300103,0.2714548336854947,0.38217225349150424,False,Away Win,Home Win
25-26,2026-01-06,West Ham,Nott'm Forest,A,A,0.45041769095179673,0.25799000014501006,0.2915923089031934,True,Away Win,Away Win
25-26,2026-01-07,Man City,Brighton,D,H,0.1711734561994428,0.248537384194312,0.5802891596062453,False,Draw,Home Win
25-26,2026-01-07,Crystal Palace,Aston Villa,D,A,0.573968333089501,0.19939142080529326,0.2266402461052059,False,Draw,Away Win
25-26,2026-01-07,Everton,Wolves,D,A,0.38727328385524606,0.27037370210358086,0.34235301404117313,False,Draw,Away Win
25-26,2026-01-07,Brentford,Sunderland,H,H,0.17655153704769116,0.2575043439923984,0.5659441189599104,True,Home Win,Home Win
25-26,2026-01-07,Newcastle,Leeds,H,H,0.3295243277876386,0.27147856814926113,0.3989971040631002,True,Home Win,Home Win
25-26,2026-01-07,Burnley,Man United,D,A,0.45814835316525837,0.24506304596305586,0.2967886008716858,False,Draw,Away Win
25-26,2026-01-07,Fulham,Chelsea,H,H,0.23690060096503582,0.2571327647048865,0.5059666343300777,True,Home Win,Home Win
25-26,2026-01-07,Bournemouth,Tottenham,H,H,0.3171587887771558,0.2561418170123528,0.4266993942104915,True,Home Win,Home Win
25-26,2026-01-08,Arsenal,Liverpool,D,H,0.1687212836475742,0.22851828594412749,0.6027604304082984,False,Draw,Home Win
25-26,2026-01-17,Leeds,Fulham,H,H,0.3200504179164999,0.2450065839557825,0.43494299812771764,True,Home Win,Home Win
25-26,2026-01-17,Tottenham,West Ham,A,H,0.23753935681002084,0.25749601718394455,0.5049646260060346,False,Away Win,Home Win
25-26,2026-01-17,Liverpool,Burnley,D,H,0.21383151811530524,0.26424618935053745,0.5219222925341573,False,Draw,Home Win
25-26,2026-01-17,Man United,Man City,H,A,0.3874223164491028,0.2657936374799351,0.346784046070962,False,Home Win,Away Win
25-26,2026-01-17,Chelsea,Brentford,H,A,0.5557279484962229,0.2159953075697475,0.22827674393402964,False,Home Win,Away Win
25-26,2026-01-17,Sunderland,Crystal Palace,H,H,0.3191072570256965,0.2826892108141013,0.3982035321602022,True,Home Win,Home Win
25-26,2026-01-17,Nott'm Forest,Arsenal,D,A,0.5435366639818806,0.2206673929817992,0.23579594303632026,False,Draw,Away Win
25-26,2026-01-18,Aston Villa,Everton,A,H,0.23511689225084756,0.26609733206263786,0.4987857756865147,False,Away Win,Home Win
25-26,2026-01-18,Wolves,Newcastle,D,A,0.4104396626875351,0.23752629515096768,0.3520340421614972,False,Draw,Away Win
25-26,2026-01-19,Brighton,Bournemouth,D,H,0.2747789373620155,0.23616274475328058,0.48905831788470394,False,Draw,Home Win
25-26,2026-01-24,West Ham,Sunderland,H,H,0.3661498844702731,0.26512732950056345,0.3687227860291635,True,Home Win,Home Win
25-26,2026-01-24,Man City,Wolves,H,A,0.38425851101842196,0.28026634083492635,0.33547514814665175,False,Home Win,Away Win
25-26,2026-01-24,Burnley,Tottenham,D,A,0.4087574073562946,0.26723902118246207,0.32400357146124337,False,Draw,Away Win
25-26,2026-01-24,Bournemouth,Liverpool,H,H,0.3546970589769641,0.263031523622708,0.382271417400328,True,Home Win,Home Win
25-26,2026-01-24,Fulham,Brighton,H,H,0.30594622914823927,0.2695453307869119,0.42450844006484895,True,Home Win,Home Win
25-26,2026-01-25,Newcastle,Aston Villa,A,H,0.20159097322490901,0.24036359488022313,0.5580454318948679,False,Away Win,Home Win
25-26,2026-01-25,Brentford,Nott'm Forest,A,H,0.1430197588374786,0.2249223933840725,0.6320578477784489,False,Away Win,Home Win
25-26,2026-01-25,Crystal Palace,Chelsea,A,A,0.46336862614820423,0.2576618102689749,0.27896956358282093,True,Away Win,Away Win
25-26,2026-01-25,Arsenal,Man United,A,H,0.23369326237100954,0.2553208532590859,0.5109858843699047,False,Away Win,Home Win
25-26,2026-01-26,Everton,Leeds,D,H,0.2890059467197992,0.26869541307185385,0.44229864020834697,False,Draw,Home Win
25-26,2026-01-31,Chelsea,West Ham,H,H,0.2332103939116668,0.2327346990197319,0.5340549070686014,True,Home Win,Home Win
25-26,2026-01-31,Liverpool,Newcastle,H,A,0.4239232445877841,0.24198036128103143,0.33409639413118447,False,Home Win,Away Win
25-26,2026-01-31,Brighton,Everton,D,H,0.32051907654022566,0.2538865571483957,0.42559436631137876,False,Draw,Home Win
25-26,2026-01-31,Wolves,Bournemouth,A,H,0.34681634638535674,0.238138305050714,0.4150453485639293,False,Away Win,Home Win
25-26,2026-01-31,Leeds,Arsenal,A,A,0.37698895218175393,0.2555375077095179,0.3674735401087281,True,Away Win,Away Win
25-26,2026-02-01,Aston Villa,Brentford,A,H,0.327940971779174,0.2633350580053583,0.40872397021546764,False,Away Win,Home Win
25-26,2026-02-01,Tottenham,Man City,D,A,0.38118556134234105,0.27033114492985943,0.34848329372779957,False,Draw,Away Win
25-26,2026-02-01,Man United,Fulham,H,H,0.24734477592619794,0.24800140888146344,0.5046538151923385,True,Home Win,Home Win
25-26,2026-02-01,Nott'm Forest,Crystal Palace,D,H,0.25518398031350215,0.2758867045426677,0.46892931514383007,False,Draw,Home Win
25-26,2026-02-02,Sunderland,Burnley,H,H,0.3374535505958209,0.2632760048660395,0.39927044453813954,True,Home Win,Home Win
25-26,2026-02-06,Leeds,Nott'm Forest,H,A,0.39480246011099557,0.2583142461848723,0.34688329370413223,False,Home Win,Away Win
25-26,2026-02-07,Wolves,Chelsea,A,A,0.43854255396093283,0.2442321831366975,0.3172252629023696,True,Away Win,Away Win
25-26,2026-02-07,Arsenal,Sunderland,H,H,0.22326437850441394,0.23610977851832185,0.5406258429772642,True,Home Win,Home Win
25-26,2026-02-07,Man United,Tottenham,H,H,0.17383813193189637,0.23256213700766337,0.5935997310604403,True,Home Win,Home Win
25-26,2026-02-07,Newcastle,Brentford,A,H,0.35594454586637925,0.25120553238771187,0.3928499217459089,False,Away Win,Home Win
25-26,2026-02-07,Burnley,West Ham,A,A,0.40063301219314595,0.24093889107267613,0.35842809673417775,True,Away Win,Away Win
25-26,2026-02-07,Fulham,Everton,A,H,0.27919036509852235,0.25543495888048884,0.4653746760209888,False,Away Win,Home Win
25-26,2026-02-07,Bournemouth,Aston Villa,D,H,0.23278843566297322,0.26417673764629557,0.5030348266907312,False,Draw,Home Win
25-26,2026-02-08,Liverpool,Man City,A,H,0.27836873965895315,0.25619470438576053,0.4654365559552864,False,Away Win,Home Win
25-26,2026-02-08,Brighton,Crystal Palace,A,H,0.24074983220484145,0.26891737692857076,0.4903327908665877,False,Away Win,Home Win
25-26,2026-02-10,West Ham,Man United,D,H,0.3156784240732639,0.2278538514249128,0.4564677245018234,False,Draw,Home Win
25-26,2026-02-10,Tottenham,Newcastle,A,H,0.3345735191071884,0.23542687851949737,0.4299996023733142,False,Away Win,Home Win
25-26,2026-02-10,Chelsea,Leeds,D,H,0.14114343492689213,0.20129941519502212,0.6575571498780858,False,Draw,Home Win
25-26,2026-02-10,Everton,Bournemouth,A,H,0.3297159559909315,0.24728943554976807,0.42299460845930037,False,Away Win,Home Win
25-26,2026-02-11,Man City,Fulham,H,H,0.2676481558474459,0.2530861746010051,0.47926566955154903,True,Home Win,Home Win
25-26,2026-02-11,Aston Villa,Brighton,H,H,0.3312881564664594,0.28766621843762086,0.38104562509591966,True,Home Win,Home Win
25-26,2026-02-11,Crystal Palace,Burnley,A,H,0.29939207764493475,0.2622073613219132,0.43840056103315206,False,Away Win,Home Win
25-26,2026-02-11,Sunderland,Liverpool,A,A,0.38853696267328625,0.26417825174009674,0.347284785586617,True,Away Win,Away Win
25-26,2026-02-11,Nott'm Forest,Wolves,D,H,0.20550221455044856,0.2658142039898949,0.5286835814596564,False,Draw,Home Win
25-26,2026-02-12,Brentford,Arsenal,D,A,0.3641321191668955,0.27479393693316284,0.3610739438999416,False,Draw,Away Win
25-26,2026-02-18,Wolves,Arsenal,D,A,0.5947625452503631,0.2291689425686631,0.1760685121809739,False,Draw,Away Win
25-26,2026-02-21,West Ham,Bournemouth,D,H,0.26040638407025485,0.23961488434034478,0.4999787315894003,False,Draw,Home Win
25-26,2026-02-21,Aston Villa,Leeds,D,H,0.30304737464284226,0.25186095627587635,0.44509166908128134,False,Draw,Home Win
25-26,2026-02-21,Man City,Newcastle,H,H,0.15799640496008738,0.2255672446025572,0.6164363504373555,True,Home Win,Home Win
25-26,2026-02-21,Brentford,Brighton,A,H,0.2928566564660936,0.2910051897217528,0.4161381538121535,False,Away Win,Home Win
25-26,2026-02-21,Chelsea,Burnley,D,H,0.10694064484815134,0.19253969577235655,0.7005196593794921,False,Draw,Home Win
25-26,2026-02-22,Tottenham,Arsenal,A,A,0.5366938407259684,0.22718894823759161,0.23611721103643996,True,Away Win,Away Win
25-26,2026-02-22,Crystal Palace,Wolves,H,H,0.2869656888313514,0.26513402881059184,0.4479002823580567,True,Home Win,Home Win
25-26,2026-02-22,Nott'm Forest,Liverpool,A,A,0.3802857827057378,0.25972411969588616,0.3599900975983761,True,Away Win,Away Win
25-26,2026-02-22,Sunderland,Fulham,A,H,0.27021994350382594,0.25662855820767955,0.47315149828849457,False,Away Win,Home Win
25-26,2026-02-23,Everton,Man United,A,A,0.38701955257064025,0.24036425406899278,0.372616193360367,True,Away Win,Away Win
25-26,2026-02-27,Wolves,Aston Villa,H,A,0.4897532453571228,0.2567141590298731,0.2535325956130041,False,Home Win,Away Win
25-26,2026-02-28,Leeds,Man City,A,A,0.45709713628404364,0.233583896537468,0.3093189671784883,True,Away Win,Away Win
25-26,2026-02-28,Liverpool,West Ham,H,H,0.27783857936015294,0.25702268655884997,0.46513873408099715,True,Home Win,Home Win
25-26,2026-02-28,Burnley,Brentford,A,H,0.34463412018217926,0.2549103262145987,0.40045555360322205,False,Away Win,Home Win
25-26,2026-02-28,Newcastle,Everton,A,A,0.41227057035472614,0.2622938007723639,0.32543562887290994,True,Away Win,Away Win
25-26,2026-02-28,Bournemouth,Sunderland,D,H,0.1569395526861488,0.2342656885370112,0.60879475877684,False,Draw,Home Win
25-26,2026-03-01,Fulham,Tottenham,H,H,0.24243014976787847,0.2419431454146627,0.5156267048174589,True,Home Win,Home Win
25-26,2026-03-01,Man United,Crystal Palace,H,H,0.16033389353365435,0.2306015748295363,0.6090645316368094,True,Home Win,Home Win
25-26,2026-03-01,Brighton,Nott'm Forest,H,H,0.3599152288942802,0.277860820394033,0.3622239507116868,True,Home Win,Home Win
25-26,2026-03-01,Arsenal,Chelsea,H,H,0.18472899938100956,0.20616978133379543,0.609101219285195,True,Home Win,Home Win
25-26,2026-03-03,Wolves,Liverpool,H,A,0.4830570881906796,0.2320553053108083,0.284887606498512,False,Home Win,Away Win
25-26,2026-03-03,Leeds,Sunderland,A,H,0.3216651691290921,0.263940753476704,0.414394077394204,False,Away Win,Home Win
25-26,2026-03-03,Everton,Burnley,H,H,0.23389805255328433,0.23492392694800598,0.5311780204987098,True,Home Win,Home Win
25-26,2026-03-03,Bournemouth,Brentford,D,H,0.27235662323835724,0.2381685732484713,0.4894748035131715,False,Draw,Home Win
25-26,2026-03-04,Fulham,West Ham,A,H,0.29917372434786926,0.24935548197388818,0.4514707936782425,False,Away Win,Home Win
25-26,2026-03-04,Newcastle,Man United,H,A,0.4862560470884523,0.2232364353650123,0.2905075175465353,False,Home Win,Away Win
25-26,2026-03-04,Man City,Nott'm Forest,D,H,0.12794345844839466,0.24087275439996175,0.6311837871516436,False,Draw,Home Win
25-26,2026-03-04,Aston Villa,Chelsea,A,A,0.42770104622265415,0.2469343484606953,0.3253646053166505,True,Away Win,Away Win
25-26,2026-03-04,Brighton,Arsenal,A,A,0.43220388767956003,0.24611988583484043,0.3216762264855995,True,Away Win,Away Win
25-26,2026-03-05,Tottenham,Crystal Palace,A,A,0.47931052422290926,0.24334518125057103,0.27734429452651976,True,Away Win,Away Win
25-26,2026-03-14,Burnley,Bournemouth,D,A,0.3951613658504012,0.26920458267973085,0.3356340514698679,False,Draw,Away Win
25-26,2026-03-14,Chelsea,Newcastle,A,H,0.2118732537121489,0.2231223187745597,0.5650044275132914,False,Away Win,Home Win
25-26,2026-03-14,Arsenal,Everton,H,H,0.21415194829269865,0.23796485352802044,0.547883198179281,True,Home Win,Home Win
25-26,2026-03-14,West Ham,Man City,D,A,0.39588098178269987,0.24493022451870783,0.35918879369859236,False,Draw,Away Win
25-26,2026-03-14,Sunderland,Brighton,A,A,0.42738747520732084,0.27477275443572,0.2978397703569592,True,Away Win,Away Win
25-26,2026-03-15,Nott'm Forest,Fulham,D,A,0.4083030142674342,0.2508465201615282,0.3408504655710375,False,Draw,Away Win
25-26,2026-03-15,Crystal Palace,Leeds,D,H,0.2525410239475656,0.2666681246376169,0.4807908514148174,False,Draw,Home Win
25-26,2026-03-15,Man United,Aston Villa,H,H,0.1869319910326296,0.24623687258881982,0.5668311363785505,True,Home Win,Home Win
25-26,2026-03-15,Liverpool,Tottenham,D,H,0.13566680033934772,0.21798407421070515,0.6463491254499472,False,Draw,Home Win
25-26,2026-03-16,Brentford,Wolves,D,H,0.3097183538909838,0.2656659133350259,0.4246157327739903,False,Draw,Home Win
25-26,2026-03-20,Bournemouth,Man United,D,A,0.37580595931564575,0.2603509638587142,0.36384307682564004,False,Draw,Away Win
25-26,2026-03-21,Fulham,Burnley,H,H,0.30273225155807865,0.258837660490664,0.43843008795125743,True,Home Win,Home Win
25-26,2026-03-21,Everton,Chelsea,H,H,0.35608360793747756,0.2656302331135643,0.37828615894895806,True,Home Win,Home Win
25-26,2026-03-21,Leeds,Brentford,D,A,0.40042366464351764,0.25531952283830817,0.3442568125181742,False,Draw,Away Win
25-26,2026-03-21,Brighton,Liverpool,H,H,0.3379564222065629,0.25993440193961764,0.40210917585381956,True,Home Win,Home Win
25-26,2026-03-22,Aston Villa,West Ham,H,A,0.3997288472319354,0.26028762750142387,0.3399835252666408,False,Home Win,Away Win
25-26,2026-03-22,Tottenham,Nott'm Forest,A,A,0.44023481023962296,0.2719658726206724,0.2877993171397046,True,Away Win,Away Win
25-26,2026-03-22,Newcastle,Sunderland,A,H,0.21784866173377876,0.26616841277327213,0.5159829254929491,False,Away Win,Home Win
25-26,2026-04-10,West Ham,Wolves,H,A,0.4353310672972369,0.2537747341581679,0.3108941985445951,False,Home Win,Away Win
25-26,2026-04-11,Arsenal,Bournemouth,A,H,0.15134136259868883,0.25655666873138716,0.592101968669924,False,Away Win,Home Win
25-26,2026-04-11,Burnley,Brighton,A,A,0.507806737064845,0.23265893578297053,0.25953432715218433,True,Away Win,Away Win
25-26,2026-04-11,Liverpool,Fulham,H,H,0.3260907417500205,0.25164279471429196,0.4222664635356876,True,Home Win,Home Win
25-26,2026-04-11,Brentford,Everton,D,A,0.38457389352088234,0.2557196947342794,0.35970641174483814,False,Draw,Away Win
25-26,2026-04-12,Chelsea,Man City,A,A,0.458385948136698,0.24094395275995062,0.30067009910335146,True,Away Win,Away Win
25-26,2026-04-12,Crystal Palace,Newcastle,H,H,0.27964527777271125,0.25242980773934515,0.4679249144879436,True,Home Win,Home Win
25-26,2026-04-12,Nott'm Forest,Aston Villa,D,H,0.25254951929694985,0.2473668463413001,0.50008363436175,False,Draw,Home Win
25-26,2026-04-12,Sunderland,Tottenham,H,H,0.20475804168965167,0.24347963625633595,0.5517623220540123,True,Home Win,Home Win
25-26,2026-04-13,Man United,Leeds,A,H,0.19574865051764517,0.2830197215090974,0.5212316279732575,False,Away Win,Home Win
25-26,2026-04-18,Brentford,Fulham,D,H,0.2813897289575508,0.26156600424522386,0.4570442667972253,False,Draw,Home Win
25-26,2026-04-18,Chelsea,Man United,A,A,0.45280065319283813,0.24088323286039337,0.3063161139467684,True,Away Win,Away Win
25-26,2026-04-18,Tottenham,Brighton,D,A,0.5623949245063755,0.2233773469508985,0.21422772854272593,False,Draw,Away Win
25-26,2026-04-18,Newcastle,Bournemouth,A,H,0.3382487064166722,0.2700137755331472,0.39173751805018064,False,Away Win,Home Win
25-26,2026-04-18,Leeds,Wolves,H,H,0.35147977780044365,0.25906293880483994,0.38945728339471647,True,Home Win,Home Win
25-26,2026-04-19,Man City,Arsenal,H,H,0.2771636494511566,0.2460530829512767,0.4767832675975666,True,Home Win,Home Win
25-26,2026-04-19,Aston Villa,Sunderland,H,A,0.44165952420544047,0.25500534825464277,0.3033351275399167,False,Home Win,Away Win
25-26,2026-04-19,Everton,Liverpool,A,H,0.2528229507696421,0.24731646997883575,0.4998605792515221,False,Away Win,Home Win
25-26,2026-04-19,Nott'm Forest,Burnley,H,H,0.2015591907857176,0.24632845935853967,0.5521123498557428,True,Home Win,Home Win
25-26,2026-04-20,Crystal Palace,West Ham,D,H,0.24072373927278626,0.24794563943098646,0.5113306212962273,False,Draw,Home Win
25-26,2026-04-21,Brighton,Chelsea,H,H,0.1777199555974445,0.24795691408511886,0.5743231303174366,True,Home Win,Home Win
25-26,2026-04-22,Burnley,Man City,A,A,0.6134258085759206,0.2108472168140635,0.17572697461001596,True,Away Win,Away Win
25-26,2026-04-22,Bournemouth,Leeds,D,H,0.30725030610426834,0.28380241262917494,0.4089472812665568,False,Draw,Home Win
25-26,2026-04-24,Sunderland,Nott'm Forest,A,H,0.36566719851761015,0.2644787041291227,0.369854097353267,False,Away Win,Home Win
25-26,2026-04-25,Fulham,Aston Villa,H,H,0.34856599183656006,0.2409976740021574,0.41043633416128256,True,Home Win,Home Win
25-26,2026-04-25,Liverpool,Crystal Palace,H,H,0.32114762183338863,0.2665734272616584,0.41227895090495287,True,Home Win,Home Win
25-26,2026-04-25,Wolves,Tottenham,A,H,0.2623814765120613,0.2629665011272186,0.4746520223607202,False,Away Win,Home Win
25-26,2026-04-25,Arsenal,Newcastle,H,H,0.2453423439760084,0.25753069300448184,0.49712696301950976,True,Home Win,Home Win
25-26,2026-04-25,West Ham,Everton,H,H,0.3019539374936268,0.264069810667957,0.43397625183841615,True,Home Win,Home Win
25-26,2026-04-27,Man United,Brentford,H,H,0.2817864084200303,0.27753577489989556,0.44067781668007416,True,Home Win,Home Win
25-26,2026-05-01,Leeds,Burnley,H,H,0.14776271709670946,0.23941879711983577,0.6128184857834549,True,Home Win,Home Win
25-26,2026-05-02,Arsenal,Fulham,H,H,0.27599631778912875,0.27631187094467496,0.44769181126619617,True,Home Win,Home Win
25-26,2026-05-02,Wolves,Sunderland,D,H,0.3635270164905089,0.2420252179738014,0.3944477655356898,False,Draw,Home Win
25-26,2026-05-02,Brentford,West Ham,H,A,0.42036407943746695,0.26121938093115227,0.3184165396313808,False,Home Win,Away Win
25-26,2026-05-02,Newcastle,Brighton,H,A,0.5373403989411566,0.22594025541866583,0.23671934564017755,False,Home Win,Away Win
25-26,2026-05-03,Man United,Liverpool,H,H,0.2797598250481966,0.24911717540202521,0.47112299954977815,True,Home Win,Home Win
25-26,2026-05-03,Aston Villa,Tottenham,A,H,0.2483714743697239,0.2569789639222858,0.4946495617079903,False,Away Win,Home Win
25-26,2026-05-03,Bournemouth,Crystal Palace,H,H,0.2631131648481842,0.25830258729070515,0.47858424786111053,True,Home Win,Home Win
25-26,2026-05-04,Everton,Man City,D,A,0.437437017873157,0.2412828915462944,0.32128009058054857,False,Draw,Away Win
25-26,2026-05-04,Chelsea,Nott'm Forest,A,A,0.7429775541731883,0.16923081875075377,0.08779162707605791,True,Away Win,Away Win
25-26,2026-05-09,Liverpool,Chelsea,D,H,0.10331794071866111,0.19848752423905258,0.6981945350422862,False,Draw,Home Win
25-26,2026-05-09,Man City,Brentford,H,H,0.21535866072185547,0.2645589497267166,0.5200823895514278,True,Home Win,Home Win
25-26,2026-05-09,Brighton,Wolves,H,H,0.12406065751841135,0.2125558219058893,0.6633835205756995,True,Home Win,Home Win
25-26,2026-05-09,Fulham,Bournemouth,A,A,0.43958370626523185,0.24305542753063863,0.3173608662041295,True,Away Win,Away Win
25-26,2026-05-09,Sunderland,Man United,D,H,0.3789045884905103,0.2409310282514428,0.38016438325804686,False,Draw,Home Win
25-26,2026-05-10,Nott'm Forest,Newcastle,D,H,0.08427060969500498,0.18803841493890244,0.7276909753660926,False,Draw,Home Win
25-26,2026-05-10,West Ham,Arsenal,A,A,0.3760732407017061,0.2630524588666439,0.3608743004316501,True,Away Win,Away Win
25-26,2026-05-10,Crystal Palace,Everton,D,A,0.4360319105359857,0.2545493096886495,0.30941877977536475,False,Draw,Away Win
25-26,2026-05-10,Burnley,Aston Villa,D,A,0.5671016205010755,0.22320044976960438,0.2096979297293201,False,Draw,Away Win
25-26,2026-05-11,Tottenham,Leeds,D,A,0.4440033572907571,0.24986837246410237,0.30612827024514067,False,Draw,Away Win
